# Échelles affectives des noms et des adjectifs : ordre, catégorie, lemme, note de 0 à 100 (rang moyen).
# Dérivé des normes distribuées par openlexicon (https://github.com/chrplr/openlexicon), sous licence
# Creative Commons BY-SA 4.0 (https://creativecommons.org/licenses/by-sa/4.0/deed.fr) ; ce fichier reste sous cette licence.
# Gobin, P., Camblats, A.-M., Faurous, W., & Mathey, S. (2017). Une base de l’émotionalité (valence, arousal, catégories) de 1286 mots français selon l’âge (EMA). Revue européenne de psychologie appliquée, 67(1), 25-42.
# Bonin, P., Méot, A., & Bugaiska, A. (2018). Concreteness norms for 1,659 French words. Behavior Research Methods, 50(6), 2366-2387.
# Bonin, P., Méot, A., Aubert, L., Malardier, N., Niedenthal, P., & Capelle-Toczek, M.-C. (2003). Normes de concrétude, de valeur d’imagerie, de fréquence subjective et de valence émotionnelle pour 866 mots. L’Année psychologique, 103(4), 655-694.
# Gilet, A.-L., Grühn, D., Studer, J., & Labouvie-Vief, G. (2012). Valence, arousal, and imagery ratings for 835 French attributes (FEEL). Revue européenne de psychologie appliquée, 62(3), 173-181.
# Script de dérivation : scripts/build-scales.ts
arousal	adjective	abandonner	69
arousal	adjective	abasourdir	36
arousal	adjective	abattre	41
arousal	adjective	abject	77
arousal	adjective	abrutir	72
arousal	adjective	absurde	50
arousal	adjective	abuser	88
arousal	adjective	accabler	62
arousal	adjective	accueillant	3
arousal	adjective	acculer	61
arousal	adjective	accusateur	84
arousal	adjective	accuser	87
arousal	adjective	acerbe	64
arousal	adjective	acharner	69
arousal	adjective	âcre	67
arousal	adjective	actif	36
arousal	adjective	admirable	17
arousal	adjective	admiratif	20
arousal	adjective	adopter	74
arousal	adjective	adorable	5
arousal	adjective	adroit	46
arousal	adjective	affecter	48
arousal	adjective	affectueux	2
arousal	adjective	affirmatif	24
arousal	adjective	affliger	53
arousal	adjective	affoler	88
arousal	adjective	affriolant	50
arousal	adjective	agaçant	80
arousal	adjective	agacer	69
arousal	adjective	agile	43
arousal	adjective	agiter	80
arousal	adjective	agonisant	94
arousal	adjective	agréable	4
arousal	adjective	agressif	99
arousal	adjective	aguicheur	60
arousal	adjective	ahurir	62
arousal	adjective	ahurissant	75
arousal	adjective	aigrir	62
arousal	adjective	aigu	77
arousal	adjective	aimable	1
arousal	adjective	aimant	5
arousal	adjective	aîné	58
arousal	adjective	aisé	15
arousal	adjective	aliéner	81
arousal	adjective	aligner	17
arousal	adjective	altruiste	11
arousal	adjective	amaigrir	48
arousal	adjective	ambitieux	56
arousal	adjective	amical	48
arousal	adjective	aminé	42
arousal	adjective	amoureux	20
arousal	adjective	amputer	98
arousal	adjective	amusant	23
arousal	adjective	amuser	23
arousal	adjective	angoissant	94
arousal	adjective	angoisser	90
arousal	adjective	animer	68
arousal	adjective	antipathique	86
arousal	adjective	anxieux	90
arousal	adjective	apaiser	0
arousal	adjective	apathique	49
arousal	adjective	apeurer	81
arousal	adjective	appliquer	11
arousal	adjective	aqueux	7
arousal	adjective	argenter	58
arousal	adjective	arrogant	88
arousal	adjective	asocial	64
arousal	adjective	assagir	11
arousal	adjective	assidu	23
arousal	adjective	assommant	49
arousal	adjective	astral	39
arousal	adjective	astucieux	30
arousal	adjective	atroce	98
arousal	adjective	attachant	9
arousal	adjective	attentif	13
arousal	adjective	attentionné	10
arousal	adjective	attirant	23
arousal	adjective	attristant	46
arousal	adjective	attrister	37
arousal	adjective	audacieux	37
arousal	adjective	austère	31
arousal	adjective	autonome	10
arousal	adjective	autoritaire	81
arousal	adjective	avachir	33
arousal	adjective	avare	77
arousal	adjective	avenant	12
arousal	adjective	aventurier	61
arousal	adjective	avide	71
arousal	adjective	aviser	18
arousal	adjective	bagarreur	93
arousal	adjective	balte	12
arousal	adjective	banal	25
arousal	adjective	barbant	60
arousal	adjective	bavard	60
arousal	adjective	béant	37
arousal	adjective	béat	19
arousal	adjective	beau	91
arousal	adjective	bègue	34
arousal	adjective	bêlant	12
arousal	adjective	belge	1
arousal	adjective	belliqueux	93
arousal	adjective	bénévole	9
arousal	adjective	bête	54
arousal	adjective	bienfaisant	2
arousal	adjective	bienheureux	3
arousal	adjective	bienveillant	1
arousal	adjective	blafard	45
arousal	adjective	blagueur	32
arousal	adjective	blâmable	71
arousal	adjective	blanc	42
arousal	adjective	blaser	35
arousal	adjective	blessant	77
arousal	adjective	blesser	64
arousal	adjective	boiser	70
arousal	adjective	bomber	24
arousal	adjective	borner	70
arousal	adjective	bosseur	28
arousal	adjective	bossu	11
arousal	adjective	boudeur	43
arousal	adjective	boueux	45
arousal	adjective	bougon	53
arousal	adjective	bouleverser	69
arousal	adjective	bourru	48
arousal	adjective	bref	12
arousal	adjective	brillant	24
arousal	adjective	briser	85
arousal	adjective	brutal	98
arousal	adjective	buriner	46
arousal	adjective	buter	61
arousal	adjective	cafardeux	62
arousal	adjective	calculateur	63
arousal	adjective	câlin	1
arousal	adjective	calme	0
arousal	adjective	camper	35
arousal	adjective	capable	15
arousal	adjective	capricieux	79
arousal	adjective	captivant	33
arousal	adjective	caractériel	86
arousal	adjective	casquer	11
arousal	adjective	casser	72
arousal	adjective	cavaleur	69
arousal	adjective	chagriner	46
arousal	adjective	chaleureux	4
arousal	adjective	chanceux	21
arousal	adjective	charitable	5
arousal	adjective	charmant	9
arousal	adjective	charmer	17
arousal	adjective	charnu	51
arousal	adjective	chauvin	55
arousal	adjective	chétif	33
arousal	adjective	chic	80
arousal	adjective	chlorer	41
arousal	adjective	choquant	88
arousal	adjective	choquer	85
arousal	adjective	cirer	7
arousal	adjective	citer	19
arousal	adjective	clairvoyant	12
arousal	adjective	clément	10
arousal	adjective	clore	26
arousal	adjective	coincer	50
arousal	adjective	coléreux	95
arousal	adjective	colérique	97
arousal	adjective	collant	41
arousal	adjective	colorer	95
arousal	adjective	combatif	54
arousal	adjective	combattant	58
arousal	adjective	comique	64
arousal	adjective	compatissant	9
arousal	adjective	compétent	13
arousal	adjective	compétitif	58
arousal	adjective	complaisant	22
arousal	adjective	complexer	48
arousal	adjective	compliquer	68
arousal	adjective	compréhensif	2
arousal	adjective	concevoir	59
arousal	adjective	conciliant	8
arousal	adjective	concis	17
arousal	adjective	condamner	88
arousal	adjective	confiant	4
arousal	adjective	confus	45
arousal	adjective	conique	4
arousal	adjective	connaître	36
arousal	adjective	conquérant	56
arousal	adjective	consensuel	12
arousal	adjective	consternant	67
arousal	adjective	consterner	61
arousal	adjective	contemplatif	4
arousal	adjective	content	11
arousal	adjective	contrarier	68
arousal	adjective	convaincant	26
arousal	adjective	convaincre	18
arousal	adjective	coquet	23
arousal	adjective	coquin	30
arousal	adjective	cordial	6
arousal	adjective	corner	23
arousal	adjective	corrompre	94
arousal	adjective	corruptible	84
arousal	adjective	cossu	38
arousal	adjective	costal	3
arousal	adjective	côtier	61
arousal	adjective	coupable	90
arousal	adjective	courageux	25
arousal	adjective	courtois	11
arousal	adjective	craintif	53
arousal	adjective	créatif	32
arousal	adjective	crédule	27
arousal	adjective	crème	67
arousal	adjective	crépu	11
arousal	adjective	creux	35
arousal	adjective	criant	82
arousal	adjective	cruel	95
arousal	adjective	cultiver	14
arousal	adjective	cupide	68
arousal	adjective	curieux	64
arousal	adjective	cynique	83
arousal	adjective	damasser	2
arousal	adjective	dangereux	97
arousal	adjective	débrouillard	28
arousal	adjective	décaler	45
arousal	adjective	décent	17
arousal	adjective	décevant	53
arousal	adjective	décevoir	53
arousal	adjective	déchaîner	97
arousal	adjective	déchoir	51
arousal	adjective	décider	26
arousal	adjective	déconcerter	48
arousal	adjective	déconfire	46
arousal	adjective	décontenancer	48
arousal	adjective	décontracter	11
arousal	adjective	décourager	47
arousal	adjective	décrier	65
arousal	adjective	dédaigneux	70
arousal	adjective	défaire	86
arousal	adjective	défaitiste	51
arousal	adjective	défiant	69
arousal	adjective	dégourdir	26
arousal	adjective	dégoûter	84
arousal	adjective	dégradant	79
arousal	adjective	dégrader	71
arousal	adjective	déguiser	60
arousal	adjective	délaisser	37
arousal	adjective	délassant	8
arousal	adjective	délicat	6
arousal	adjective	déloyal	83
arousal	adjective	déluré	58
arousal	adjective	dément	85
arousal	adjective	démonstratif	45
arousal	adjective	démunir	67
arousal	adjective	dénigrer	66
arousal	adjective	dépensier	75
arousal	adjective	dépiter	48
arousal	adjective	déplaisant	71
arousal	adjective	dépolir	1
arousal	adjective	dépraver	80
arousal	adjective	dépressif	62
arousal	adjective	déprimant	65
arousal	adjective	déprimer	68
arousal	adjective	déranger	58
arousal	adjective	dérober	44
arousal	adjective	désabuser	45
arousal	adjective	désagréable	82
arousal	adjective	désarmant	30
arousal	adjective	désarmer	36
arousal	adjective	désemparer	59
arousal	adjective	désespérant	81
arousal	adjective	désespérer	84
arousal	adjective	désinvolte	39
arousal	adjective	désirable	32
arousal	adjective	désireux	45
arousal	adjective	désobligeant	65
arousal	adjective	désolant	53
arousal	adjective	désoler	35
arousal	adjective	désopilant	37
arousal	adjective	désordonner	61
arousal	adjective	despotique	96
arousal	adjective	désunir	71
arousal	adjective	détendre	1
arousal	adjective	déterminer	42
arousal	adjective	détestable	94
arousal	adjective	détester	89
arousal	adjective	dévergonder	73
arousal	adjective	déviant	71
arousal	adjective	dévouer	50
arousal	adjective	dictatorial	96
arousal	adjective	direct	28
arousal	adjective	discal	25
arousal	adjective	discipliner	18
arousal	adjective	discret	5
arousal	adjective	disponible	7
arousal	adjective	dissiper	51
arousal	adjective	distant	44
arousal	adjective	distinguer	18
arousal	adjective	distraire	30
arousal	adjective	diurne	29
arousal	adjective	divin	93
arousal	adjective	docile	34
arousal	adjective	dominant	75
arousal	adjective	dominateur	84
arousal	adjective	dompter	38
arousal	adjective	douillet	12
arousal	adjective	doux	86
arousal	adjective	droguer	85
arousal	adjective	dupe	53
arousal	adjective	dur	64
arousal	adjective	duveter	39
arousal	adjective	dynamique	47
arousal	adjective	ébahir	35
arousal	adjective	éblouir	34
arousal	adjective	éblouissant	35
arousal	adjective	écervelé	65
arousal	adjective	économe	19
arousal	adjective	effarer	74
arousal	adjective	effaroucher	71
arousal	adjective	efficace	15
arousal	adjective	effondrer	72
arousal	adjective	effrayant	93
arousal	adjective	effrayer	89
arousal	adjective	effronté	75
arousal	adjective	effroyable	99
arousal	adjective	égarer	80
arousal	adjective	égocentrique	80
arousal	adjective	égoïste	82
arousal	adjective	élégant	18
arousal	adjective	émailler	7
arousal	adjective	embarrassé	55
arousal	adjective	embêtant	58
arousal	adjective	émergé	51
arousal	adjective	émotif	50
arousal	adjective	émoustillant	53
arousal	adjective	émouvant	35
arousal	adjective	émouvoir	24
arousal	adjective	emplir	35
arousal	adjective	emporter	80
arousal	adjective	empoté	46
arousal	adjective	empresser	66
arousal	adjective	emprunter	35
arousal	adjective	enclin	53
arousal	adjective	endeuiller	65
arousal	adjective	endormir	13
arousal	adjective	endurcir	44
arousal	adjective	énergique	51
arousal	adjective	énervant	94
arousal	adjective	énerver	90
arousal	adjective	énigmatique	35
arousal	adjective	enjouer	63
arousal	adjective	ennuyant	42
arousal	adjective	ennuyer	38
arousal	adjective	ennuyeux	51
arousal	adjective	enrageant	92
arousal	adjective	enrouer	25
arousal	adjective	entacher	9
arousal	adjective	enterrer	90
arousal	adjective	entêter	78
arousal	adjective	enthousiaste	42
arousal	adjective	entier	21
arousal	adjective	entraînant	47
arousal	adjective	entreprenant	40
arousal	adjective	envahissant	88
arousal	adjective	envieux	66
arousal	adjective	envoûtant	50
arousal	adjective	envoûter	45
arousal	adjective	épanouir	55
arousal	adjective	épars	11
arousal	adjective	épatant	30
arousal	adjective	épater	40
arousal	adjective	épicurien	22
arousal	adjective	épique	79
arousal	adjective	épouvantable	97
arousal	adjective	épouvanter	96
arousal	adjective	éprendre	37
arousal	adjective	éprouvant	71
arousal	adjective	éprouver	57
arousal	adjective	épuisant	62
arousal	adjective	épuiser	43
arousal	adjective	équiper	42
arousal	adjective	érailler	19
arousal	adjective	éreintant	70
arousal	adjective	éreinter	57
arousal	adjective	espiègle	40
arousal	adjective	esseulé	41
arousal	adjective	estomaquer	76
arousal	adjective	étique	93
arousal	adjective	étonnant	42
arousal	adjective	étonner	36
arousal	adjective	étouffant	77
arousal	adjective	étouffer	73
arousal	adjective	étourdir	34
arousal	adjective	euphorique	66
arousal	adjective	évader	87
arousal	adjective	évanouir	58
arousal	adjective	évaser	9
arousal	adjective	évasif	28
arousal	adjective	éveiller	21
arousal	adjective	exaltant	54
arousal	adjective	exalter	82
arousal	adjective	exaspérant	91
arousal	adjective	exaspérer	84
arousal	adjective	excéder	86
arousal	adjective	excellent	17
arousal	adjective	excentrique	63
arousal	adjective	exceptionnel	33
arousal	adjective	excessif	86
arousal	adjective	excitant	94
arousal	adjective	exciter	97
arousal	adjective	exclure	73
arousal	adjective	exclusif	53
arousal	adjective	exécrable	98
arousal	adjective	exigeant	67
arousal	adjective	exiler	68
arousal	adjective	exploiter	91
arousal	adjective	extasier	45
arousal	adjective	exténué	44
arousal	adjective	extravagant	75
arousal	adjective	extraverti	56
arousal	adjective	extrémiste	99
arousal	adjective	exubérant	72
arousal	adjective	facétieux	41
arousal	adjective	fâcher	89
arousal	adjective	fade	52
arousal	adjective	failli	42
arousal	adjective	fainéant	36
arousal	adjective	fanatique	99
arousal	adjective	fanfaron	58
arousal	adjective	fantasque	50
arousal	adjective	farceur	39
arousal	adjective	farfelu	55
arousal	adjective	fascinant	41
arousal	adjective	fatal	87
arousal	adjective	fatigant	41
arousal	adjective	fatiguer	34
arousal	adjective	faucher	56
arousal	adjective	fautif	81
arousal	adjective	fauve	84
arousal	adjective	fébrile	55
arousal	adjective	fécal	24
arousal	adjective	fêler	62
arousal	adjective	fendre	27
arousal	adjective	fermer	42
arousal	adjective	féroce	85
arousal	adjective	festif	99
arousal	adjective	fétide	61
arousal	adjective	fictif	43
arousal	adjective	fidèle	3
arousal	adjective	fier	56
arousal	adjective	figer	12
arousal	adjective	fiscal	68
arousal	adjective	fixer	31
arousal	adjective	flâneur	10
arousal	adjective	flatteur	27
arousal	adjective	flécher	22
arousal	adjective	flegmatique	19
arousal	adjective	floral	80
arousal	adjective	fonceur	61
arousal	adjective	fonder	17
arousal	adjective	forcené	97
arousal	adjective	forcer	94
arousal	adjective	former	42
arousal	adjective	formidable	25
arousal	adjective	fort	32
arousal	adjective	fougueux	71
arousal	adjective	fournir	11
arousal	adjective	fragile	24
arousal	adjective	fraternel	5
arousal	adjective	frêle	27
arousal	adjective	frénétique	94
arousal	adjective	frileux	40
arousal	adjective	friper	29
arousal	adjective	friser	15
arousal	adjective	frivole	41
arousal	adjective	froussard	59
arousal	adjective	frustrer	85
arousal	adjective	fugitif	66
arousal	adjective	fugueur	76
arousal	adjective	fumer	68
arousal	adjective	furibond	88
arousal	adjective	furieux	95
arousal	adjective	fusionnel	35
arousal	adjective	futé	63
arousal	adjective	gai	19
arousal	adjective	galant	13
arousal	adjective	garder	31
arousal	adjective	gâteux	63
arousal	adjective	géant	22
arousal	adjective	gênant	53
arousal	adjective	gêner	43
arousal	adjective	généreux	5
arousal	adjective	gentil	1
arousal	adjective	germé	34
arousal	adjective	gitan	48
arousal	adjective	givrer	67
arousal	adjective	glacial	63
arousal	adjective	global	23
arousal	adjective	gluant	61
arousal	adjective	gracieux	8
arousal	adjective	grave	80
arousal	adjective	grêle	55
arousal	adjective	grincheux	72
arousal	adjective	grisant	46
arousal	adjective	griser	56
arousal	adjective	grivois	38
arousal	adjective	grognon	57
arousal	adjective	gros	90
arousal	adjective	grossier	90
arousal	adjective	guinder	51
arousal	adjective	habile	40
arousal	adjective	hagard	50
arousal	adjective	haineux	99
arousal	adjective	harasser	68
arousal	adjective	harcelant	95
arousal	adjective	hardi	63
arousal	adjective	hargneux	96
arousal	adjective	hautain	66
arousal	adjective	hébéter	47
arousal	adjective	héroïque	37
arousal	adjective	hésitant	38
arousal	adjective	heureux	8
arousal	adjective	hilare	44
arousal	adjective	honnête	5
arousal	adjective	honorable	11
arousal	adjective	honteux	76
arousal	adjective	horrible	98
arousal	adjective	horrifiant	100
arousal	adjective	horrifier	99
arousal	adjective	horripilant	91
arousal	adjective	hostile	88
arousal	adjective	humain	1
arousal	adjective	humble	3
arousal	adjective	humiliant	89
arousal	adjective	humilier	78
arousal	adjective	hyperactif	94
arousal	adjective	hypocrite	80
arousal	adjective	hystérique	100
arousal	adjective	idiot	64
arousal	adjective	ignare	72
arousal	adjective	ignoble	93
arousal	adjective	ignorant	35
arousal	adjective	immoral	87
arousal	adjective	imparfait	34
arousal	adjective	impartial	28
arousal	adjective	impassible	27
arousal	adjective	impatient	78
arousal	adjective	impertinent	73
arousal	adjective	impétueux	76
arousal	adjective	impitoyable	96
arousal	adjective	impoli	80
arousal	adjective	imposant	41
arousal	adjective	impotent	58
arousal	adjective	imprudent	63
arousal	adjective	impuissant	40
arousal	adjective	impulsif	88
arousal	adjective	impuni	67
arousal	adjective	impur	60
arousal	adjective	inabordable	67
arousal	adjective	inactif	27
arousal	adjective	inamical	65
arousal	adjective	inanimé	37
arousal	adjective	inattentif	50
arousal	adjective	incapable	65
arousal	adjective	incertain	53
arousal	adjective	incohérent	53
arousal	adjective	incompétent	69
arousal	adjective	incompris	66
arousal	adjective	inconscient	38
arousal	adjective	inconsolable	65
arousal	adjective	inconsolé	47
arousal	adjective	inculte	61
arousal	adjective	indécent	79
arousal	adjective	indécis	47
arousal	adjective	indélicat	68
arousal	adjective	indépendant	16
arousal	adjective	indifférent	25
arousal	adjective	indigne	84
arousal	adjective	indigner	77
arousal	adjective	indiscret	66
arousal	adjective	indisposer	56
arousal	adjective	indulgent	7
arousal	adjective	inélégant	60
arousal	adjective	inepte	20
arousal	adjective	inerte	42
arousal	adjective	inexpressif	31
arousal	adjective	infaillible	28
arousal	adjective	infect	82
arousal	adjective	infecter	93
arousal	adjective	infidèle	87
arousal	adjective	inflexible	56
arousal	adjective	influençable	55
arousal	adjective	influent	45
arousal	adjective	ingénieux	26
arousal	adjective	ingrat	76
arousal	adjective	inhiber	30
arousal	adjective	inhumain	97
arousal	adjective	injecter	66
arousal	adjective	innocent	4
arousal	adjective	inoffensif	7
arousal	adjective	inquiet	61
arousal	adjective	inquiétant	79
arousal	adjective	insatisfait	56
arousal	adjective	insensé	73
arousal	adjective	insensible	53
arousal	adjective	insigne	19
arousal	adjective	insistant	69
arousal	adjective	insociable	70
arousal	adjective	insolent	83
arousal	adjective	insouciant	24
arousal	adjective	inspirer	17
arousal	adjective	instable	81
arousal	adjective	instruire	9
arousal	adjective	intact	25
arousal	adjective	intelligent	7
arousal	adjective	intentionné	17
arousal	adjective	intéressant	24
arousal	adjective	intéresser	40
arousal	adjective	intimidant	59
arousal	adjective	intolérant	93
arousal	adjective	intrépide	64
arousal	adjective	intriguer	44
arousal	adjective	introverti	32
arousal	adjective	intuitif	15
arousal	adjective	inventif	25
arousal	adjective	inviter	91
arousal	adjective	invulnérable	38
arousal	adjective	irascible	93
arousal	adjective	ironique	58
arousal	adjective	irraisonné	81
arousal	adjective	irréaliste	59
arousal	adjective	irréfléchi	69
arousal	adjective	irritable	85
arousal	adjective	irriter	92
arousal	adjective	isoler	31
arousal	adjective	issir	78
arousal	adjective	ivre	93
arousal	adjective	jaloux	91
arousal	adjective	jeune	26
arousal	adjective	joli	91
arousal	adjective	jovial	55
arousal	adjective	joyeux	61
arousal	adjective	jubilant	49
arousal	adjective	labile	3
arousal	adjective	lâche	74
arousal	adjective	laïc	66
arousal	adjective	lamentable	67
arousal	adjective	larguer	86
arousal	adjective	larmoyant	55
arousal	adjective	las	43
arousal	adjective	lassant	42
arousal	adjective	légal	63
arousal	adjective	léger	6
arousal	adjective	liant	22
arousal	adjective	libérer	17
arousal	adjective	libertin	59
arousal	adjective	libidineux	88
arousal	adjective	licite	27
arousal	adjective	livide	62
arousal	adjective	loquace	44
arousal	adjective	lourd	34
arousal	adjective	loyal	7
arousal	adjective	lucide	90
arousal	adjective	lugubre	80
arousal	adjective	lymphatique	28
arousal	adjective	magnanime	20
arousal	adjective	magnifique	17
arousal	adjective	malade	70
arousal	adjective	maladif	56
arousal	adjective	maladroit	40
arousal	adjective	malchanceux	55
arousal	adjective	malfaisant	90
arousal	adjective	malhabile	44
arousal	adjective	malheureux	59
arousal	adjective	malhonnête	85
arousal	adjective	malicieux	31
arousal	adjective	malin	32
arousal	adjective	malpoli	82
arousal	adjective	malveillant	84
arousal	adjective	maniaque	85
arousal	adjective	maniérer	49
arousal	adjective	marginal	44
arousal	adjective	marrant	59
arousal	adjective	martyr	90
arousal	adjective	massif	37
arousal	adjective	maternel	3
arousal	adjective	maudire	85
arousal	adjective	maussade	39
arousal	adjective	mauvais	82
arousal	adjective	méchant	83
arousal	adjective	mécontent	68
arousal	adjective	médisant	89
arousal	adjective	méfiant	65
arousal	adjective	mégalo	78
arousal	adjective	mélancolique	21
arousal	adjective	menaçant	90
arousal	adjective	menacer	81
arousal	adjective	menteur	86
arousal	adjective	menu	51
arousal	adjective	méprisable	84
arousal	adjective	méprisant	88
arousal	adjective	méritant	16
arousal	adjective	merveilleux	15
arousal	adjective	mesquin	75
arousal	adjective	méthodique	12
arousal	adjective	méticuleux	21
arousal	adjective	mielleux	31
arousal	adjective	mignon	13
arousal	adjective	militant	61
arousal	adjective	minutieux	17
arousal	adjective	misérable	76
arousal	adjective	modérer	16
arousal	adjective	modeste	9
arousal	adjective	mondain	38
arousal	adjective	moqueur	55
arousal	adjective	morose	36
arousal	adjective	motivant	29
arousal	adjective	motiver	30
arousal	adjective	mouiller	64
arousal	adjective	mourant	83
arousal	adjective	mourir	96
arousal	adjective	muet	29
arousal	adjective	mystérieux	37
arousal	adjective	nacrer	42
arousal	adjective	naïf	20
arousal	adjective	nain	31
arousal	adjective	narquois	55
arousal	adjective	natal	50
arousal	adjective	naturel	4
arousal	adjective	navrant	40
arousal	adjective	navrer	42
arousal	adjective	néfaste	78
arousal	adjective	négligent	53
arousal	adjective	négliger	49
arousal	adjective	nerveux	91
arousal	adjective	névrosé	96
arousal	adjective	nocif	86
arousal	adjective	nonchalant	26
arousal	adjective	nostalgique	24
arousal	adjective	noueux	29
arousal	adjective	nourrir	69
arousal	adjective	obéissant	15
arousal	adjective	obnubiler	81
arousal	adjective	obscur	54
arousal	adjective	obsédant	92
arousal	adjective	obséder	92
arousal	adjective	obstiner	70
arousal	adjective	occuper	40
arousal	adjective	ocre	41
arousal	adjective	odieux	97
arousal	adjective	offenser	80
arousal	adjective	offensif	84
arousal	adjective	oisif	22
arousal	adjective	olive	56
arousal	adjective	opiniâtre	41
arousal	adjective	opportuniste	58
arousal	adjective	opposant	66
arousal	adjective	opposer	46
arousal	adjective	oppressant	96
arousal	adjective	oppresser	82
arousal	adjective	opprimer	77
arousal	adjective	optimiste	15
arousal	adjective	oral	48
arousal	adjective	ordonner	19
arousal	adjective	organiser	10
arousal	adjective	orgueilleux	76
arousal	adjective	oser	82
arousal	adjective	ossu	13
arousal	adjective	outrer	87
arousal	adjective	pacifique	1
arousal	adjective	paisible	1
arousal	adjective	pâle	34
arousal	adjective	paniquer	96
arousal	adjective	pardonnable	19
arousal	adjective	paresseux	31
arousal	adjective	parfaire	15
arousal	adjective	partageur	10
arousal	adjective	partir	63
arousal	adjective	passif	28
arousal	adjective	passionnant	42
arousal	adjective	passionner	55
arousal	adjective	pâteux	24
arousal	adjective	pathétique	54
arousal	adjective	patient	4
arousal	adjective	paumer	76
arousal	adjective	pédant	57
arousal	adjective	peindre	69
arousal	adjective	peler	13
arousal	adjective	pénal	63
arousal	adjective	penaud	25
arousal	adjective	pencher	7
arousal	adjective	pendant	8
arousal	adjective	pendre	87
arousal	adjective	pénible	77
arousal	adjective	pensif	13
arousal	adjective	pentu	24
arousal	adjective	percevoir	40
arousal	adjective	perdant	51
arousal	adjective	perdre	91
arousal	adjective	perfide	87
arousal	adjective	performant	27
arousal	adjective	pernicieux	76
arousal	adjective	perplexe	34
arousal	adjective	persécuter	96
arousal	adjective	persévérant	27
arousal	adjective	perspicace	25
arousal	adjective	persuasif	29
arousal	adjective	perturbateur	94
arousal	adjective	perturber	85
arousal	adjective	pervertir	87
arousal	adjective	pesant	61
arousal	adjective	pestiférer	91
arousal	adjective	pétillant	37
arousal	adjective	pétrifier	84
arousal	adjective	peureux	52
arousal	adjective	phobique	91
arousal	adjective	piètre	36
arousal	adjective	pileux	42
arousal	adjective	piquant	88
arousal	adjective	piteux	50
arousal	adjective	pitoyable	61
arousal	adjective	plaintif	51
arousal	adjective	plaisant	6
arousal	adjective	plan	28
arousal	adjective	plat	10
arousal	adjective	pleurnicheur	58
arousal	adjective	plisser	4
arousal	adjective	polir	28
arousal	adjective	ponctuel	9
arousal	adjective	poreux	21
arousal	adjective	possessif	73
arousal	adjective	postal	2
arousal	adjective	pourrir	82
arousal	adjective	préoccuper	61
arousal	adjective	présent	11
arousal	adjective	présomptueux	72
arousal	adjective	pressant	75
arousal	adjective	presser	69
arousal	adjective	prétentieux	77
arousal	adjective	preux	44
arousal	adjective	prévenant	6
arousal	adjective	prévoyant	13
arousal	adjective	privilégier	24
arousal	adjective	promettre	82
arousal	adjective	promouvoir	86
arousal	adjective	prostré	45
arousal	adjective	provocant	84
arousal	adjective	provocateur	82
arousal	adjective	prude	48
arousal	adjective	prudent	14
arousal	adjective	puéril	70
arousal	adjective	pugnace	45
arousal	adjective	puissant	48
arousal	adjective	punir	63
arousal	adjective	radier	67
arousal	adjective	radieux	8
arousal	adjective	radin	66
arousal	adjective	raffiner	20
arousal	adjective	rageur	84
arousal	adjective	raisonnable	8
arousal	adjective	raisonner	7
arousal	adjective	râlant	77
arousal	adjective	râleur	77
arousal	adjective	rallié	56
arousal	adjective	ramasser	12
arousal	adjective	ramifier	10
arousal	adjective	rancunier	73
arousal	adjective	rapiat	76
arousal	adjective	rassis	25
arousal	adjective	rassurant	4
arousal	adjective	rassurer	3
arousal	adjective	rationnel	17
arousal	adjective	ravageur	92
arousal	adjective	ravir	82
arousal	adjective	rebelle	70
arousal	adjective	récalcitrant	80
arousal	adjective	recaler	84
arousal	adjective	rectal	50
arousal	adjective	reculer	48
arousal	adjective	redoutable	13
arousal	adjective	réfléchir	67
arousal	adjective	rejeter	23
arousal	adjective	réjouir	27
arousal	adjective	réjouissant	19
arousal	adjective	relâcher	1
arousal	adjective	relax	0
arousal	adjective	relaxant	32
arousal	adjective	rénal	41
arousal	adjective	rendre	29
arousal	adjective	renfermer	22
arousal	adjective	répandre	19
arousal	adjective	repentir	2
arousal	adjective	replet	12
arousal	adjective	reposer	83
arousal	adjective	repoussant	91
arousal	adjective	répugnant	35
arousal	adjective	réputer	16
arousal	adjective	réserver	32
arousal	adjective	résigner	23
arousal	adjective	résiner	7
arousal	adjective	résoudre	6
arousal	adjective	respecter	4
arousal	adjective	respectueux	11
arousal	adjective	responsable	77
arousal	adjective	retenir	41
arousal	adjective	revanchard	7
arousal	adjective	revenir	78
arousal	adjective	rêveur	11
arousal	adjective	révoltant	98
arousal	adjective	révolter	98
arousal	adjective	riant	97
arousal	adjective	rider	32
arousal	adjective	ridicule	50
arousal	adjective	rigide	73
arousal	adjective	rigolo	26
arousal	adjective	rigoureux	29
arousal	adjective	rival	84
arousal	adjective	romantique	5
arousal	adjective	ronchon	57
arousal	adjective	roublard	62
arousal	adjective	rusé	51
arousal	adjective	sacrer	72
arousal	adjective	sacrifier	75
arousal	adjective	saisissant	50
arousal	adjective	sale	83
arousal	adjective	sanglotant	78
arousal	adjective	sarcastique	72
arousal	adjective	satisfaire	10
arousal	adjective	satisfaisant	17
arousal	adjective	sauf	43
arousal	adjective	saxon	6
arousal	adjective	scandaliser	96
arousal	adjective	sceptique	41
arousal	adjective	secret	27
arousal	adjective	séducteur	38
arousal	adjective	séduisant	24
arousal	adjective	sensé	8
arousal	adjective	sensible	8
arousal	adjective	sensuel	24
arousal	adjective	sentimental	9
arousal	adjective	séparer	64
arousal	adjective	serein	0
arousal	adjective	sériel	16
arousal	adjective	sérieux	15
arousal	adjective	serviable	15
arousal	adjective	seul	23
arousal	adjective	sévère	65
arousal	adjective	sexuel	100
arousal	adjective	sexy	70
arousal	adjective	sidérer	63
arousal	adjective	silencieux	9
arousal	adjective	simplet	28
arousal	adjective	sincère	2
arousal	adjective	slave	23
arousal	adjective	sobre	57
arousal	adjective	sociable	8
arousal	adjective	solidaire	10
arousal	adjective	solitaire	23
arousal	adjective	somnolent	18
arousal	adjective	sonder	34
arousal	adjective	songeur	13
arousal	adjective	sophistiquer	39
arousal	adjective	sorcier	75
arousal	adjective	sot	50
arousal	adjective	soucieux	46
arousal	adjective	souffrant	66
arousal	adjective	soulager	3
arousal	adjective	soûlant	62
arousal	adjective	soumettre	49
arousal	adjective	soupçonnable	67
arousal	adjective	soupçonneux	64
arousal	adjective	souple	72
arousal	adjective	sourd	57
arousal	adjective	souriant	2
arousal	adjective	sournois	75
arousal	adjective	soyeux	71
arousal	adjective	spirituel	14
arousal	adjective	spontané	21
arousal	adjective	stressant	99
arousal	adjective	strict	72
arousal	adjective	studieux	12
arousal	adjective	stupéfaire	59
arousal	adjective	stupéfiant	73
arousal	adjective	stupide	64
arousal	adjective	suave	73
arousal	adjective	subjectif	39
arousal	adjective	subtil	53
arousal	adjective	suffisant	29
arousal	adjective	superficiel	54
arousal	adjective	superflu	39
arousal	adjective	supérieur	46
arousal	adjective	surexciter	100
arousal	adjective	surmener	79
arousal	adjective	surprenant	56
arousal	adjective	surprendre	51
arousal	adjective	suspect	70
arousal	adjective	suspicieux	71
arousal	adjective	svelte	85
arousal	adjective	sympathique	6
arousal	adjective	tabou	87
arousal	adjective	tacite	23
arousal	adjective	taciturne	41
arousal	adjective	talentueux	20
arousal	adjective	taquin	34
arousal	adjective	teigneux	56
arousal	adjective	teindre	25
arousal	adjective	téméraire	19
arousal	adjective	tempérer	33
arousal	adjective	tenace	88
arousal	adjective	tendre	95
arousal	adjective	tenir	39
arousal	adjective	terne	25
arousal	adjective	terrien	50
arousal	adjective	terrifier	98
arousal	adjective	terroriser	65
arousal	adjective	têtu	94
arousal	adjective	tiède	29
arousal	adjective	tiers	9
arousal	adjective	tigrer	33
arousal	adjective	timide	21
arousal	adjective	timoré	39
arousal	adjective	tisser	10
arousal	adjective	tolérant	3
arousal	adjective	tomber	58
arousal	adjective	tonique	95
arousal	adjective	torride	79
arousal	adjective	totalitaire	96
arousal	adjective	touchant	13
arousal	adjective	toucher	28
arousal	adjective	tourmenter	88
arousal	adjective	tracter	24
arousal	adjective	trahir	91
arousal	adjective	traire	37
arousal	adjective	traiter	54
arousal	adjective	tranquille	1
arousal	adjective	travailleur	21
arousal	adjective	tremblant	63
arousal	adjective	tremper	71
arousal	adjective	triomphant	41
arousal	adjective	triste	47
arousal	adjective	trivial	56
arousal	adjective	tromper	95
arousal	adjective	trompeur	78
arousal	adjective	troublant	56
arousal	adjective	troubler	66
arousal	adjective	trouillard	78
arousal	adjective	turbulent	86
arousal	adjective	tyrannique	99
arousal	adjective	ulcérer	93
arousal	adjective	user	29
arousal	adjective	utiliser	26
arousal	adjective	vaillant	34
arousal	adjective	vaincre	45
arousal	adjective	valeureux	27
arousal	adjective	véhément	70
arousal	adjective	veinard	23
arousal	adjective	vénal	73
arousal	adjective	vénérable	20
arousal	adjective	vengeur	89
arousal	adjective	venir	36
arousal	adjective	verdir	25
arousal	adjective	vernir	34
arousal	adjective	verser	8
arousal	adjective	vexant	83
arousal	adjective	vexer	67
arousal	adjective	viable	63
arousal	adjective	vicieux	92
arousal	adjective	victorieux	49
arousal	adjective	vieux	33
arousal	adjective	vigilant	29
arousal	adjective	vigoureux	35
arousal	adjective	vilain	62
arousal	adjective	vindicatif	90
arousal	adjective	violent	100
arousal	adjective	viral	70
arousal	adjective	virulent	89
arousal	adjective	visionnaire	33
arousal	adjective	visser	0
arousal	adjective	vital	99
arousal	adjective	vivant	20
arousal	adjective	vociférant	95
arousal	adjective	volage	72
arousal	adjective	voleur	97
arousal	adjective	vorace	46
arousal	adjective	voûter	29
arousal	adjective	vulgaire	90
arousal	adjective	vulnérable	39
arousal	noun	abeille	83
arousal	noun	accent	66
arousal	noun	accordéon	53
arousal	noun	achat	74
arousal	noun	acné	62
arousal	noun	acte	72
arousal	noun	acuité	61
arousal	noun	adage	17
arousal	noun	adopté	74
arousal	noun	âge	55
arousal	noun	agneau	50
arousal	noun	aide	14
arousal	noun	aigle	73
arousal	noun	aiguille	84
arousal	noun	ail	67
arousal	noun	aile	18
arousal	noun	aîné	58
arousal	noun	air	5
arousal	noun	aise	3
arousal	noun	ajout	23
arousal	noun	alcool	80
arousal	noun	algue	9
arousal	noun	aliéné	81
arousal	noun	alto	28
arousal	noun	ambre	6
arousal	noun	âme	9
arousal	noun	amiral	20
arousal	noun	ampoule	50
arousal	noun	amputé	98
arousal	noun	an	64
arousal	noun	ananas	13
arousal	noun	ancre	30
arousal	noun	âne	36
arousal	noun	anémie	59
arousal	noun	ânerie	64
arousal	noun	ange	38
arousal	noun	angle	36
arousal	noun	anneau	44
arousal	noun	anomie	7
arousal	noun	anse	5
arousal	noun	août	13
arousal	noun	aphte	77
arousal	noun	aplomb	75
arousal	noun	appui	46
arousal	noun	araignée	92
arousal	noun	arbre	1
arousal	noun	arc	83
arousal	noun	arche	17
arousal	noun	aridité	44
arousal	noun	arme	95
arousal	noun	arrosoir	9
arousal	noun	art	5
arousal	noun	artichaut	13
arousal	noun	as	51
arousal	noun	asile	89
arousal	noun	asperge	34
arousal	noun	asthme	87
arousal	noun	astre	7
arousal	noun	atoll	66
arousal	noun	atout	85
arousal	noun	aube	45
arousal	noun	auteur	58
arousal	noun	auto	20
arousal	noun	autre	69
arousal	noun	autruche	62
arousal	noun	aveu	84
arousal	noun	avidité	74
arousal	noun	avion	79
arousal	noun	axe	36
arousal	noun	azalée	42
arousal	noun	azur	83
arousal	noun	bac	78
arousal	noun	bâche	41
arousal	noun	bachot	32
arousal	noun	badge	30
arousal	noun	bagout	12
arousal	noun	bague	64
arousal	noun	bai	19
arousal	noun	bail	54
arousal	noun	bain	1
arousal	noun	baisse	54
arousal	noun	bal	47
arousal	noun	balade	84
arousal	noun	balai	69
arousal	noun	balançoire	7
arousal	noun	baleine	71
arousal	noun	balle	72
arousal	noun	ballon	43
arousal	noun	ballot	16
arousal	noun	banane	15
arousal	noun	banc	18
arousal	noun	bande	44
arousal	noun	banque	89
arousal	noun	bar	51
arousal	noun	barbe	54
arousal	noun	barque	10
arousal	noun	barre	28
arousal	noun	barrière	78
arousal	noun	bas	15
arousal	noun	base	29
arousal	noun	basque	51
arousal	noun	baudet	6
arousal	noun	baume	3
arousal	noun	bavard	70
arousal	noun	beau	36
arousal	noun	bec	67
arousal	noun	bêche	51
arousal	noun	bègue	34
arousal	noun	beige	17
arousal	noun	belge	1
arousal	noun	belote	41
arousal	noun	benêt	37
arousal	noun	berge	4
arousal	noun	besace	12
arousal	noun	bête	69
arousal	noun	beurre	5
arousal	noun	bévue	41
arousal	noun	biais	44
arousal	noun	bible	78
arousal	noun	biche	11
arousal	noun	bidon	24
arousal	noun	bien	3
arousal	noun	bière	40
arousal	noun	bile	85
arousal	noun	bille	19
arousal	noun	bingo	92
arousal	noun	bip	76
arousal	noun	bise	30
arousal	noun	bison	31
arousal	noun	bisou	100
arousal	noun	bisque	23
arousal	noun	bizut	93
arousal	noun	blague	47
arousal	noun	blâme	95
arousal	noun	blanc	16
arousal	noun	blason	9
arousal	noun	blé	38
arousal	noun	bleu	5
arousal	noun	bloc	69
arousal	noun	blond	33
arousal	noun	blues	30
arousal	noun	boire	61
arousal	noun	bois	13
arousal	noun	boîte	33
arousal	noun	boîtier	1
arousal	noun	bol	6
arousal	noun	bolet	20
arousal	noun	bombe	99
arousal	noun	bon	21
arousal	noun	bonbon	92
arousal	noun	bond	54
arousal	noun	bonnet	16
arousal	noun	bordel	81
arousal	noun	borgne	82
arousal	noun	borne	64
arousal	noun	bosse	76
arousal	noun	bossu	11
arousal	noun	botte	47
arousal	noun	bottier	0
arousal	noun	bottin	2
arousal	noun	bouc	79
arousal	noun	boucan	94
arousal	noun	bouche	21
arousal	noun	boucle	19
arousal	noun	boue	62
arousal	noun	bouée	36
arousal	noun	bougie	3
arousal	noun	bougre	83
arousal	noun	bouille	21
arousal	noun	bouilloire	33
arousal	noun	boule	30
arousal	noun	boulier	2
arousal	noun	boum	92
arousal	noun	bourg	50
arousal	noun	bourse	88
arousal	noun	bout	47
arousal	noun	bouteille	57
arousal	noun	bouton	79
arousal	noun	box	59
arousal	noun	boxe	94
arousal	noun	braille	85
arousal	noun	braise	81
arousal	noun	branche	17
arousal	noun	bras	21
arousal	noun	brasier	75
arousal	noun	brasse	28
arousal	noun	brave	33
arousal	noun	break	54
arousal	noun	brèche	60
arousal	noun	bref	38
arousal	noun	bribe	10
arousal	noun	bride	78
arousal	noun	bridge	38
arousal	noun	brie	45
arousal	noun	brigade	43
arousal	noun	brimade	68
arousal	noun	brin	38
arousal	noun	brique	36
arousal	noun	bris	56
arousal	noun	brise	38
arousal	noun	brisée	85
arousal	noun	broche	65
arousal	noun	brochet	10
arousal	noun	bronche	47
arousal	noun	bronze	26
arousal	noun	brosse	23
arousal	noun	brouille	95
arousal	noun	brousse	65
arousal	noun	bruit	95
arousal	noun	brume	31
arousal	noun	brun	17
arousal	noun	brute	98
arousal	noun	bûche	53
arousal	noun	buée	24
arousal	noun	buffle	85
arousal	noun	bulbe	26
arousal	noun	bulle	2
arousal	noun	bureau	44
arousal	noun	burin	35
arousal	noun	bus	73
arousal	noun	buste	63
arousal	noun	but	87
arousal	noun	buteur	50
arousal	noun	butin	74
arousal	noun	butte	69
arousal	noun	buvard	37
arousal	noun	câble	38
arousal	noun	cacahouète	13
arousal	noun	cache	47
arousal	noun	cachot	80
arousal	noun	cachou	14
arousal	noun	cadenas	65
arousal	noun	cadre	36
arousal	noun	cafard	66
arousal	noun	cage	88
arousal	noun	caïd	80
arousal	noun	caille	59
arousal	noun	caisse	71
arousal	noun	cake	9
arousal	noun	calcul	65
arousal	noun	calice	31
arousal	noun	calme	0
arousal	noun	calque	61
arousal	noun	camion	85
arousal	noun	camp	76
arousal	noun	canapé	2
arousal	noun	canard	39
arousal	noun	cancan	73
arousal	noun	cancre	87
arousal	noun	canette	9
arousal	noun	canne	17
arousal	noun	canon	94
arousal	noun	cantal	57
arousal	noun	cap	54
arousal	noun	cape	38
arousal	noun	câpre	41
arousal	noun	car	47
arousal	noun	carcan	58
arousal	noun	caresse	98
arousal	noun	carotte	7
arousal	noun	carpe	15
arousal	noun	carte	27
arousal	noun	cas	54
arousal	noun	case	26
arousal	noun	cash	87
arousal	noun	casier	3
arousal	noun	casque	38
arousal	noun	casquette	23
arousal	noun	casse	88
arousal	noun	cassis	51
arousal	noun	cause	64
arousal	noun	cave	54
arousal	noun	cédant	27
arousal	noun	cèdre	10
arousal	noun	ceinture	67
arousal	noun	céleri	33
arousal	noun	celte	47
arousal	noun	cendre	76
arousal	noun	cendrier	78
arousal	noun	cent	41
arousal	noun	centre	25
arousal	noun	cèpe	19
arousal	noun	cercle	5
arousal	noun	cerf	26
arousal	noun	cerf-volant	13
arousal	noun	cerise	15
arousal	noun	cesse	65
arousal	noun	chacal	63
arousal	noun	chaîne	83
arousal	noun	chair	72
arousal	noun	chaise	4
arousal	noun	châle	12
arousal	noun	chambre	7
arousal	noun	chameau	47
arousal	noun	champ	4
arousal	noun	champignon	28
arousal	noun	chance	23
arousal	noun	change	70
arousal	noun	chant	9
arousal	noun	chapeau	26
arousal	noun	char	90
arousal	noun	charge	71
arousal	noun	chariot	73
arousal	noun	charme	41
arousal	noun	charte	67
arousal	noun	chasse	97
arousal	noun	chat	13
arousal	noun	chaud	47
arousal	noun	chauffe	36
arousal	noun	chaume	15
arousal	noun	chaussette	30
arousal	noun	chaussure	23
arousal	noun	chaux	30
arousal	noun	chef	78
arousal	noun	chemise	17
arousal	noun	chemisier	23
arousal	noun	chêne	4
arousal	noun	chenille	25
arousal	noun	chèque	84
arousal	noun	cheval	41
arousal	noun	cheveu	21
arousal	noun	chèvre	21
arousal	noun	chien	51
arousal	noun	chiffre	71
arousal	noun	chine	75
arousal	noun	chiot	20
arousal	noun	chips	26
arousal	noun	chique	77
arousal	noun	chlore	81
arousal	noun	choc	98
arousal	noun	choix	83
arousal	noun	chope	71
arousal	noun	chose	23
arousal	noun	chou	5
arousal	noun	chouette	56
arousal	noun	christ	62
arousal	noun	chrome	56
arousal	noun	chute	96
arousal	noun	cible	87
arousal	noun	cidre	33
arousal	noun	ciel	2
arousal	noun	cierge	42
arousal	noun	cigare	84
arousal	noun	cigarette	79
arousal	noun	cil	15
arousal	noun	cime	20
arousal	noun	cintre	47
arousal	noun	cire	26
arousal	noun	ciré	7
arousal	noun	cirque	80
arousal	noun	ciseau	52
arousal	noun	cité	19
arousal	noun	citron	56
arousal	noun	civet	55
arousal	noun	clair	15
arousal	noun	clan	77
arousal	noun	claque	95
arousal	noun	classe	54
arousal	noun	clause	78
arousal	noun	clé	36
arousal	noun	clef	53
arousal	noun	clerc	26
arousal	noun	clic	65
arousal	noun	clip	56
arousal	noun	clique	61
arousal	noun	cloche	79
arousal	noun	clodo	76
arousal	noun	cloître	56
arousal	noun	clone	80
arousal	noun	clope	91
arousal	noun	cloque	89
arousal	noun	clos	65
arousal	noun	clou	71
arousal	noun	clown	89
arousal	noun	club	59
arousal	noun	cobaye	70
arousal	noun	cobra	78
arousal	noun	cocagne	22
arousal	noun	cocaïne	90
arousal	noun	coche	30
arousal	noun	cochon	44
arousal	noun	cocon	77
arousal	noun	code	74
arousal	noun	coffre	47
arousal	noun	cohue	81
arousal	noun	coiffe	50
arousal	noun	coin	41
arousal	noun	coing	31
arousal	noun	col	23
arousal	noun	collant	41
arousal	noun	colle	67
arousal	noun	collier	50
arousal	noun	comble	75
arousal	noun	comique	99
arousal	noun	commère	77
arousal	noun	commode	41
arousal	noun	compère	78
arousal	noun	compte	60
arousal	noun	comte	30
arousal	noun	cône	24
arousal	noun	conte	7
arousal	noun	contre	78
arousal	noun	convoi	17
arousal	noun	copie	6
arousal	noun	coq	79
arousal	noun	coque	10
arousal	noun	cor	75
arousal	noun	corde	76
arousal	noun	corne	72
arousal	noun	cornée	23
arousal	noun	cornet	31
arousal	noun	corps	30
arousal	noun	corset	40
arousal	noun	corvée	65
arousal	noun	cote	69
arousal	noun	côte	26
arousal	noun	coton	48
arousal	noun	cou	57
arousal	noun	couche	44
arousal	noun	coude	53
arousal	noun	couette	42
arousal	noun	coup	87
arousal	noun	coupe	71
arousal	noun	couple	87
arousal	noun	coupon	9
arousal	noun	cour	21
arousal	noun	courbe	23
arousal	noun	courge	41
arousal	noun	couronne	47
arousal	noun	cours	38
arousal	noun	course	85
arousal	noun	coût	75
arousal	noun	couteau	90
arousal	noun	crabe	69
arousal	noun	craie	38
arousal	noun	crainte	98
arousal	noun	crampe	97
arousal	noun	cran	83
arousal	noun	crâne	82
arousal	noun	crasse	94
arousal	noun	cravate	59
arousal	noun	crayon	33
arousal	noun	crèche	52
arousal	noun	crème	42
arousal	noun	crêpe	6
arousal	noun	crépi	16
arousal	noun	crête	59
arousal	noun	creux	52
arousal	noun	cri	99
arousal	noun	crible	86
arousal	noun	crime	96
arousal	noun	crique	23
arousal	noun	crise	99
arousal	noun	croc	88
arousal	noun	crochet	20
arousal	noun	crocodile	96
arousal	noun	croix	82
arousal	noun	crosse	54
arousal	noun	croupe	65
arousal	noun	croûte	78
arousal	noun	cru	65
arousal	noun	cruche	62
arousal	noun	crue	78
arousal	noun	crypte	86
arousal	noun	cube	20
arousal	noun	cuiller	2
arousal	noun	cuillère	30
arousal	noun	cuir	51
arousal	noun	cuiseur	7
arousal	noun	cuisinier	30
arousal	noun	cuisse	65
arousal	noun	cuivre	11
arousal	noun	culte	59
arousal	noun	cure	44
arousal	noun	curieux	96
arousal	noun	curseur	0
arousal	noun	cuve	78
arousal	noun	cycle	38
arousal	noun	cyclone	93
arousal	noun	cyclope	17
arousal	noun	cygne	7
arousal	noun	daim	9
arousal	noun	dalle	69
arousal	noun	dame	21
arousal	noun	dan	47
arousal	noun	danger	98
arousal	noun	danse	67
arousal	noun	date	60
arousal	noun	datte	31
arousal	noun	dé	60
arousal	noun	dealer	90
arousal	noun	débat	93
arousal	noun	début	73
arousal	noun	décence	59
arousal	noun	décès	95
arousal	noun	déclic	82
arousal	noun	déclin	74
arousal	noun	décor	83
arousal	noun	dédain	69
arousal	noun	défaite	86
arousal	noun	dégât	90
arousal	noun	dégoût	83
arousal	noun	dégradé	71
arousal	noun	degré	30
arousal	noun	delta	13
arousal	noun	démence	92
arousal	noun	dément	85
arousal	noun	démon	86
arousal	noun	denier	4
arousal	noun	dent	56
arousal	noun	dépit	56
arousal	noun	dépôt	2
arousal	noun	déprimé	77
arousal	noun	destin	92
arousal	noun	dette	99
arousal	noun	deuil	99
arousal	noun	diable	87
arousal	noun	diacre	22
arousal	noun	dièse	37
arousal	noun	diète	72
arousal	noun	dieu	70
arousal	noun	digue	22
arousal	noun	dinde	32
arousal	noun	dîneur	25
arousal	noun	dingo	62
arousal	noun	diode	20
arousal	noun	dire	38
arousal	noun	disque	30
arousal	noun	dit	53
arousal	noun	divan	47
arousal	noun	do	7
arousal	noun	dogme	79
arousal	noun	doigt	50
arousal	noun	dôme	36
arousal	noun	dommage	47
arousal	noun	don	10
arousal	noun	donne	23
arousal	noun	dos	67
arousal	noun	dose	62
arousal	noun	douane	90
arousal	noun	double	26
arousal	noun	doublon	9
arousal	noun	douceur	99
arousal	noun	douche	4
arousal	noun	douille	91
arousal	noun	douleur	99
arousal	noun	doute	93
arousal	noun	douve	24
arousal	noun	doux	58
arousal	noun	drague	87
arousal	noun	drame	98
arousal	noun	drap	1
arousal	noun	drapeau	56
arousal	noun	drogue	91
arousal	noun	droit	52
arousal	noun	drôle	17
arousal	noun	druide	22
arousal	noun	dû	74
arousal	noun	duel	94
arousal	noun	dune	4
arousal	noun	duo	23
arousal	noun	dupe	70
arousal	noun	dur	72
arousal	noun	dureté	65
arousal	noun	eau	2
arousal	noun	ébène	58
arousal	noun	échelle	67
arousal	noun	écrou	69
arousal	noun	écureuil	17
arousal	noun	écuyer	11
arousal	noun	effroi	95
arousal	noun	église	44
arousal	noun	égout	49
arousal	noun	éléphant	31
arousal	noun	elfe	13
arousal	noun	éloge	91
arousal	noun	embrun	66
arousal	noun	empois	6
arousal	noun	enclave	34
arousal	noun	encre	51
arousal	noun	engin	25
arousal	noun	ennui	78
arousal	noun	enragé	90
arousal	noun	entité	39
arousal	noun	enveloppe	52
arousal	noun	épice	87
arousal	noun	épine	55
arousal	noun	équité	87
arousal	noun	érable	44
arousal	noun	erreur	84
arousal	noun	escargot	7
arousal	noun	esclave	100
arousal	noun	escroc	86
arousal	noun	essai	76
arousal	noun	est	55
arousal	noun	étable	18
arousal	noun	étage	22
arousal	noun	étang	15
arousal	noun	état	5
arousal	noun	étau	27
arousal	noun	étoile	1
arousal	noun	être	19
arousal	noun	étrier	17
arousal	noun	étron	12
arousal	noun	évadé	87
arousal	noun	excès	82
arousal	noun	exode	61
arousal	noun	expo	69
arousal	noun	fa	38
arousal	noun	fable	18
arousal	noun	fac	85
arousal	noun	façade	1
arousal	noun	face	69
arousal	noun	fadeur	15
arousal	noun	faille	87
arousal	noun	failli	42
arousal	noun	faim	84
arousal	noun	fait	47
arousal	noun	fakir	37
arousal	noun	falaise	68
arousal	noun	fan	71
arousal	noun	faon	5
arousal	noun	farce	76
arousal	noun	fard	58
arousal	noun	faune	17
arousal	noun	faute	89
arousal	noun	fauve	88
arousal	noun	faveur	58
arousal	noun	fax	67
arousal	noun	fécule	1
arousal	noun	fée	6
arousal	noun	feinte	71
arousal	noun	fêlé	62
arousal	noun	femme	51
arousal	noun	fémur	3
arousal	noun	fenêtre	31
arousal	noun	fente	75
arousal	noun	fer	73
arousal	noun	ferme	47
arousal	noun	festin	100
arousal	noun	fête	87
arousal	noun	feu	87
arousal	noun	feuille	6
arousal	noun	feutre	6
arousal	noun	fiacre	5
arousal	noun	fiasco	85
arousal	noun	fibre	17
arousal	noun	fiche	67
arousal	noun	fief	34
arousal	noun	fier	54
arousal	noun	fièvre	86
arousal	noun	figue	45
arousal	noun	fil	30
arousal	noun	file	47
arousal	noun	fille	36
arousal	noun	film	36
arousal	noun	fils	38
arousal	noun	filtre	26
arousal	noun	fin	67
arousal	noun	fiole	54
arousal	noun	firme	51
arousal	noun	fisc	89
arousal	noun	fixe	36
arousal	noun	flair	33
arousal	noun	flamme	82
arousal	noun	flanc	29
arousal	noun	flaque	52
arousal	noun	flash	87
arousal	noun	flasque	62
arousal	noun	flèche	90
arousal	noun	flemme	17
arousal	noun	fleur	1
arousal	noun	fleuve	10
arousal	noun	flot	36
arousal	noun	flotte	21
arousal	noun	fluide	19
arousal	noun	flûte	30
arousal	noun	flux	36
arousal	noun	foi	54
arousal	noun	foie	77
arousal	noun	foin	15
arousal	noun	foire	85
arousal	noun	fois	47
arousal	noun	folie	99
arousal	noun	folk	70
arousal	noun	fond	71
arousal	noun	fonte	47
arousal	noun	foot	83
arousal	noun	force	81
arousal	noun	forge	70
arousal	noun	forme	38
arousal	noun	fort	83
arousal	noun	fosse	92
arousal	noun	fou	91
arousal	noun	foudre	93
arousal	noun	fouet	95
arousal	noun	fougue	79
arousal	noun	fouille	81
arousal	noun	fouine	73
arousal	noun	foule	97
arousal	noun	four	73
arousal	noun	fourbe	95
arousal	noun	fourche	86
arousal	noun	fourchette	44
arousal	noun	fourmi	45
arousal	noun	foutre	73
arousal	noun	frais	4
arousal	noun	fraise	48
arousal	noun	franc	56
arousal	noun	frange	33
arousal	noun	frappe	86
arousal	noun	fraude	96
arousal	noun	frein	75
arousal	noun	frelon	88
arousal	noun	frêne	14
arousal	noun	frère	58
arousal	noun	fresque	33
arousal	noun	frise	54
arousal	noun	frite	57
arousal	noun	froid	79
arousal	noun	front	56
arousal	noun	frousse	96
arousal	noun	fruit	45
arousal	noun	fugue	97
arousal	noun	führer	99
arousal	noun	fuite	90
arousal	noun	fumé	68
arousal	noun	fumet	64
arousal	noun	furet	28
arousal	noun	fuseau	5
arousal	noun	fusil	84
arousal	noun	fût	59
arousal	noun	gadget	46
arousal	noun	gag	62
arousal	noun	gage	83
arousal	noun	gaieté	99
arousal	noun	gain	72
arousal	noun	gaine	67
arousal	noun	gamme	23
arousal	noun	gang	99
arousal	noun	gant	15
arousal	noun	garde	62
arousal	noun	gare	84
arousal	noun	gastro	88
arousal	noun	gâteau	57
arousal	noun	gâteux	63
arousal	noun	gauche	52
arousal	noun	gaufre	7
arousal	noun	gaz	94
arousal	noun	géant	22
arousal	noun	gel	36
arousal	noun	gélule	25
arousal	noun	gelure	61
arousal	noun	gendre	33
arousal	noun	gène	71
arousal	noun	gêne	89
arousal	noun	genêt	29
arousal	noun	gêneur	68
arousal	noun	genou	22
arousal	noun	genre	44
arousal	noun	gens	76
arousal	noun	géode	17
arousal	noun	geôle	40
arousal	noun	gérant	43
arousal	noun	gerbe	86
arousal	noun	germe	73
arousal	noun	geste	19
arousal	noun	gifle	100
arousal	noun	gilet	10
arousal	noun	girafe	18
arousal	noun	gitan	48
arousal	noun	gîte	18
arousal	noun	givre	56
arousal	noun	glace	9
arousal	noun	glaive	85
arousal	noun	gland	34
arousal	noun	glande	30
arousal	noun	glisse	64
arousal	noun	globe	23
arousal	noun	gloire	78
arousal	noun	glotte	59
arousal	noun	goinfre	92
arousal	noun	goitre	50
arousal	noun	golf	41
arousal	noun	golfe	18
arousal	noun	gommage	8
arousal	noun	gomme	17
arousal	noun	gorge	76
arousal	noun	gorille	87
arousal	noun	gosse	92
arousal	noun	gouffre	95
arousal	noun	goujat	80
arousal	noun	goulag	98
arousal	noun	gourd	17
arousal	noun	gousse	23
arousal	noun	goût	21
arousal	noun	goutte	25
arousal	noun	goyave	46
arousal	noun	grâce	9
arousal	noun	grade	69
arousal	noun	gradin	42
arousal	noun	graine	34
arousal	noun	graisse	91
arousal	noun	gramme	36
arousal	noun	grand	51
arousal	noun	grange	17
arousal	noun	grappe	34
arousal	noun	gras	90
arousal	noun	gratin	62
arousal	noun	gratte	76
arousal	noun	grave	85
arousal	noun	gré	9
arousal	noun	grec	51
arousal	noun	greffe	88
arousal	noun	grêle	71
arousal	noun	grelot	48
arousal	noun	grenouille	44
arousal	noun	grès	15
arousal	noun	grève	92
arousal	noun	griffe	93
arousal	noun	grill	73
arousal	noun	grille	62
arousal	noun	grille-pain	17
arousal	noun	grippe	94
arousal	noun	gris	47
arousal	noun	grison	4
arousal	noun	grogne	95
arousal	noun	grole	19
arousal	noun	gros	88
arousal	noun	grotte	47
arousal	noun	groupe	56
arousal	noun	grue	51
arousal	noun	guêpe	96
arousal	noun	guerre	100
arousal	noun	guet	3
arousal	noun	gueule	92
arousal	noun	guide	23
arousal	noun	guitare	36
arousal	noun	gym	41
arousal	noun	hache	95
arousal	noun	haie	11
arousal	noun	haine	99
arousal	noun	hâle	15
arousal	noun	haleine	54
arousal	noun	hall	56
arousal	noun	halle	65
arousal	noun	halte	44
arousal	noun	hanche	46
arousal	noun	hargne	94
arousal	noun	harpe	2
arousal	noun	hâte	97
arousal	noun	hausse	67
arousal	noun	haut	65
arousal	noun	havre	4
arousal	noun	hélicoptère	81
arousal	noun	herbe	5
arousal	noun	hertz	86
arousal	noun	hêtre	38
arousal	noun	heure	69
arousal	noun	hibou	25
arousal	noun	hippocampe	15
arousal	noun	hockey	21
arousal	noun	homard	59
arousal	noun	homme	30
arousal	noun	honte	93
arousal	noun	horloge	56
arousal	noun	hôte	26
arousal	noun	hotte	36
arousal	noun	houblon	32
arousal	noun	houle	77
arousal	noun	housse	47
arousal	noun	houx	34
arousal	noun	hublot	57
arousal	noun	huile	34
arousal	noun	huître	64
arousal	noun	humble	6
arousal	noun	hutte	17
arousal	noun	hyène	94
arousal	noun	hymne	59
arousal	noun	idiome	28
arousal	noun	idiot	64
arousal	noun	igname	5
arousal	noun	ignare	72
arousal	noun	île	1
arousal	noun	imper	6
arousal	noun	impôt	77
arousal	noun	insigne	19
arousal	noun	insulte	96
arousal	noun	interrupteur	84
arousal	noun	invité	91
arousal	noun	issue	78
arousal	noun	isthme	10
arousal	noun	jade	67
arousal	noun	jaloux	94
arousal	noun	jambe	30
arousal	noun	jarre	27
arousal	noun	jauge	54
arousal	noun	jaune	23
arousal	noun	jazz	33
arousal	noun	jean	21
arousal	noun	jet	69
arousal	noun	jeu	65
arousal	noun	jeune	21
arousal	noun	jeûne	30
arousal	noun	job	78
arousal	noun	jockey	18
arousal	noun	joie	71
arousal	noun	joint	55
arousal	noun	joue	40
arousal	noun	jouet	55
arousal	noun	joueur	67
arousal	noun	jour	21
arousal	noun	joute	81
arousal	noun	joyau	60
arousal	noun	judo	53
arousal	noun	juge	88
arousal	noun	juin	26
arousal	noun	jungle	87
arousal	noun	jupe	38
arousal	noun	jupon	27
arousal	noun	juron	67
arousal	noun	jus	7
arousal	noun	juste	40
arousal	noun	kangourou	54
arousal	noun	kayak	65
arousal	noun	kilt	23
arousal	noun	kiosque	30
arousal	noun	kit	36
arousal	noun	kyste	78
arousal	noun	la	17
arousal	noun	labeur	79
arousal	noun	labour	47
arousal	noun	lac	3
arousal	noun	laçage	9
arousal	noun	lacet	3
arousal	noun	lâche	94
arousal	noun	lâcher	61
arousal	noun	lacune	65
arousal	noun	lagune	21
arousal	noun	laïc	66
arousal	noun	laid	83
arousal	noun	laideur	55
arousal	noun	laine	2
arousal	noun	laisse	65
arousal	noun	lait	2
arousal	noun	laitue	18
arousal	noun	laïus	13
arousal	noun	lame	94
arousal	noun	lampe	7
arousal	noun	lampée	17
arousal	noun	lance	88
arousal	noun	landau	15
arousal	noun	langue	54
arousal	noun	lapin	10
arousal	noun	laque	33
arousal	noun	lard	21
arousal	noun	large	26
arousal	noun	larme	91
arousal	noun	larve	73
arousal	noun	lasso	21
arousal	noun	latte	67
arousal	noun	lavage	27
arousal	noun	lave	75
arousal	noun	laveur	8
arousal	noun	lecteur	72
arousal	noun	légume	60
arousal	noun	lente	10
arousal	noun	lenteur	41
arousal	noun	léopard	74
arousal	noun	lèpre	99
arousal	noun	lettre	19
arousal	noun	leur	19
arousal	noun	leurre	81
arousal	noun	lever	42
arousal	noun	leveur	1
arousal	noun	lèvre	45
arousal	noun	liane	42
arousal	noun	liant	22
arousal	noun	liasse	83
arousal	noun	lie	58
arousal	noun	liège	17
arousal	noun	lien	17
arousal	noun	lieu	44
arousal	noun	lièvre	26
arousal	noun	ligne	50
arousal	noun	ligue	71
arousal	noun	lime	63
arousal	noun	limite	69
arousal	noun	lin	15
arousal	noun	linge	13
arousal	noun	lingot	78
arousal	noun	lion	82
arousal	noun	lipide	39
arousal	noun	lire	0
arousal	noun	lisse	6
arousal	noun	liste	67
arousal	noun	lit	1
arousal	noun	litige	69
arousal	noun	litre	63
arousal	noun	livre	2
arousal	noun	livrée	30
arousal	noun	lobe	13
arousal	noun	loft	7
arousal	noun	loge	44
arousal	noun	loi	81
arousal	noun	loisir	98
arousal	noun	look	36
arousal	noun	lot	17
arousal	noun	loterie	64
arousal	noun	lotion	20
arousal	noun	louange	47
arousal	noun	louche	67
arousal	noun	loup	84
arousal	noun	loupe	36
arousal	noun	lourd	51
arousal	noun	loutre	33
arousal	noun	loyauté	99
arousal	noun	lubie	62
arousal	noun	lueur	42
arousal	noun	luge	40
arousal	noun	lune	29
arousal	noun	lunette	44
arousal	noun	luron	62
arousal	noun	lustre	17
arousal	noun	lutte	92
arousal	noun	luxe	74
arousal	noun	luxure	72
arousal	noun	lycra	32
arousal	noun	lymphe	30
arousal	noun	lynx	52
arousal	noun	lys	1
arousal	noun	mâche	26
arousal	noun	madone	16
arousal	noun	magot	65
arousal	noun	mai	48
arousal	noun	maigre	85
arousal	noun	maille	19
arousal	noun	maillon	29
arousal	noun	maillot	51
arousal	noun	main	23
arousal	noun	maire	58
arousal	noun	maison	9
arousal	noun	maître	80
arousal	noun	mal	97
arousal	noun	malade	81
arousal	noun	malaise	90
arousal	noun	mâle	36
arousal	noun	malice	82
arousal	noun	malle	33
arousal	noun	malt	36
arousal	noun	manant	6
arousal	noun	manche	35
arousal	noun	manette	14
arousal	noun	mangue	15
arousal	noun	manque	88
arousal	noun	manteau	17
arousal	noun	marbre	13
arousal	noun	marche	26
arousal	noun	mardi	4
arousal	noun	mare	9
arousal	noun	marge	30
arousal	noun	marmite	47
arousal	noun	marque	54
arousal	noun	marrant	98
arousal	noun	mars	33
arousal	noun	marteau	85
arousal	noun	martyr	98
arousal	noun	masque	77
arousal	noun	masse	69
arousal	noun	massif	37
arousal	noun	mat	17
arousal	noun	mât	31
arousal	noun	match	93
arousal	noun	math	87
arousal	noun	maton	34
arousal	noun	matou	64
arousal	noun	mauve	3
arousal	noun	méchant	75
arousal	noun	mèche	26
arousal	noun	méfiant	70
arousal	noun	mégot	43
arousal	noun	mêlée	51
arousal	noun	membre	47
arousal	noun	menace	98
arousal	noun	menhir	17
arousal	noun	menthe	30
arousal	noun	menuet	3
arousal	noun	mer	9
arousal	noun	merci	84
arousal	noun	merde	90
arousal	noun	mère	9
arousal	noun	merle	23
arousal	noun	messe	61
arousal	noun	mètre	23
arousal	noun	mets	44
arousal	noun	meuble	15
arousal	noun	meule	17
arousal	noun	meurtre	100
arousal	noun	mi	31
arousal	noun	miasme	52
arousal	noun	miche	21
arousal	noun	mie	23
arousal	noun	miel	3
arousal	noun	mien	21
arousal	noun	miette	24
arousal	noun	milice	92
arousal	noun	mille	69
arousal	noun	mime	26
arousal	noun	mince	21
arousal	noun	mine	82
arousal	noun	mioche	86
arousal	noun	miroir	58
arousal	noun	mise	66
arousal	noun	misère	97
arousal	noun	mixte	41
arousal	noun	mode	63
arousal	noun	moelle	44
arousal	noun	moine	19
arousal	noun	moins	79
arousal	noun	mois	47
arousal	noun	monceau	2
arousal	noun	monde	79
arousal	noun	monstre	95
arousal	noun	mont	53
arousal	noun	montagne	5
arousal	noun	montre	65
arousal	noun	morceau	4
arousal	noun	morgue	98
arousal	noun	morse	33
arousal	noun	mort	98
arousal	noun	mot	38
arousal	noun	moto	74
arousal	noun	motte	30
arousal	noun	mouche	87
arousal	noun	moue	62
arousal	noun	mouette	42
arousal	noun	moufle	28
arousal	noun	moule	15
arousal	noun	mousse	3
arousal	noun	mouton	20
arousal	noun	mue	47
arousal	noun	muet	37
arousal	noun	mufle	65
arousal	noun	mule	73
arousal	noun	mulet	28
arousal	noun	mur	75
arousal	noun	muret	0
arousal	noun	mûrier	48
arousal	noun	muscle	65
arousal	noun	muse	10
arousal	noun	museau	40
arousal	noun	mycose	88
arousal	noun	mygale	97
arousal	noun	myope	83
arousal	noun	myopie	52
arousal	noun	mythe	38
arousal	noun	nacre	5
arousal	noun	nage	11
arousal	noun	nageur	38
arousal	noun	nain	30
arousal	noun	nappe	9
arousal	noun	nation	69
arousal	noun	natte	7
arousal	noun	navire	62
arousal	noun	néant	88
arousal	noun	négro	89
arousal	noun	neige	4
arousal	noun	néon	46
arousal	noun	nerf	88
arousal	noun	net	11
arousal	noun	neuf	42
arousal	noun	neutre	15
arousal	noun	neveu	52
arousal	noun	nez	62
arousal	noun	niche	33
arousal	noun	nid	4
arousal	noun	nièce	45
arousal	noun	no	15
arousal	noun	noble	65
arousal	noun	noce	30
arousal	noun	noir	67
arousal	noun	noix	37
arousal	noun	nombre	62
arousal	noun	non	83
arousal	noun	nord	21
arousal	noun	norme	73
arousal	noun	note	77
arousal	noun	notion	51
arousal	noun	nôtre	10
arousal	noun	nougat	83
arousal	noun	nouille	41
arousal	noun	noyau	4
arousal	noun	nu	23
arousal	noun	nuage	1
arousal	noun	nuance	7
arousal	noun	nuée	37
arousal	noun	nuit	9
arousal	noun	nul	69
arousal	noun	nuque	38
arousal	noun	nylon	17
arousal	noun	nymphe	14
arousal	noun	ocre	41
arousal	noun	œdème	85
arousal	noun	offre	23
arousal	noun	ogive	34
arousal	noun	ogre	92
arousal	noun	oie	26
arousal	noun	oignon	65
arousal	noun	oiseau	46
arousal	noun	olive	56
arousal	noun	ombre	17
arousal	noun	oncle	50
arousal	noun	onde	6
arousal	noun	ongle	25
arousal	noun	opium	58
arousal	noun	opposé	46
arousal	noun	option	41
arousal	noun	or	62
arousal	noun	orage	96
arousal	noun	orange	23
arousal	noun	ordre	75
arousal	noun	ordure	71
arousal	noun	oreille	33
arousal	noun	orge	3
arousal	noun	orgeat	19
arousal	noun	orme	20
arousal	noun	orteil	9
arousal	noun	os	70
arousal	noun	osier	7
arousal	noun	osmose	88
arousal	noun	otage	93
arousal	noun	otite	84
arousal	noun	oubli	75
arousal	noun	ouest	7
arousal	noun	oui	33
arousal	noun	ouïe	47
arousal	noun	ours	71
arousal	noun	oursin	53
arousal	noun	ourson	74
arousal	noun	outil	39
arousal	noun	pacte	71
arousal	noun	page	21
arousal	noun	pagode	30
arousal	noun	paille	17
arousal	noun	pain	7
arousal	noun	pair	32
arousal	noun	paix	3
arousal	noun	pale	30
arousal	noun	palier	20
arousal	noun	palme	53
arousal	noun	palmier	85
arousal	noun	pan	62
arousal	noun	panier	15
arousal	noun	panne	93
arousal	noun	pantalon	38
arousal	noun	paon	26
arousal	noun	pape	73
arousal	noun	papillon	2
arousal	noun	paquet	32
arousal	noun	parapluie	41
arousal	noun	parc	3
arousal	noun	paresse	50
arousal	noun	pareur	8
arousal	noun	parler	97
arousal	noun	part	38
arousal	noun	parti	63
arousal	noun	pas	53
arousal	noun	passe	19
arousal	noun	passif	32
arousal	noun	pastèque	11
arousal	noun	pasteur	36
arousal	noun	pastis	49
arousal	noun	patch	58
arousal	noun	pâte	17
arousal	noun	pâté	48
arousal	noun	pâtée	22
arousal	noun	patois	43
arousal	noun	patte	21
arousal	noun	paume	50
arousal	noun	paumé	76
arousal	noun	pause	2
arousal	noun	pauvre	90
arousal	noun	payeur	19
arousal	noun	peau	30
arousal	noun	péché	44
arousal	noun	pêche	4
arousal	noun	pécule	47
arousal	noun	peigne	50
arousal	noun	peine	89
arousal	noun	peintre	15
arousal	noun	pelage	39
arousal	noun	pelle	36
arousal	noun	pelote	28
arousal	noun	pelure	7
arousal	noun	pendant	8
arousal	noun	pendu	87
arousal	noun	pente	65
arousal	noun	perche	65
arousal	noun	père	44
arousal	noun	péril	76
arousal	noun	perle	15
arousal	noun	perte	92
arousal	noun	pesage	29
arousal	noun	peste	98
arousal	noun	peuple	73
arousal	noun	peur	99
arousal	noun	phare	28
arousal	noun	phase	27
arousal	noun	phobie	95
arousal	noun	phonie	38
arousal	noun	phoque	14
arousal	noun	photo	95
arousal	noun	photon	14
arousal	noun	phrase	55
arousal	noun	piano	4
arousal	noun	pic	81
arousal	noun	pie	56
arousal	noun	pièce	24
arousal	noun	pied	44
arousal	noun	piège	97
arousal	noun	pierre	41
arousal	noun	pieu	82
arousal	noun	pieuvre	84
arousal	noun	pige	71
arousal	noun	pile	69
arousal	noun	pin	9
arousal	noun	pince	79
arousal	noun	pinceau	4
arousal	noun	pineau	33
arousal	noun	pingouin	12
arousal	noun	pioche	71
arousal	noun	pion	39
arousal	noun	pipe	36
arousal	noun	pipeau	39
arousal	noun	piquant	88
arousal	noun	pique	90
arousal	noun	piquet	1
arousal	noun	piqûre	88
arousal	noun	pire	94
arousal	noun	piste	47
arousal	noun	pisteur	24
arousal	noun	pitié	76
arousal	noun	pitre	83
arousal	noun	place	23
arousal	noun	placer	26
arousal	noun	plage	6
arousal	noun	plaid	64
arousal	noun	plaie	88
arousal	noun	plain	1
arousal	noun	plainte	95
arousal	noun	plan	28
arousal	noun	planche	21
arousal	noun	planque	78
arousal	noun	plant	22
arousal	noun	plaque	69
arousal	noun	plat	10
arousal	noun	platane	5
arousal	noun	platine	45
arousal	noun	plâtre	66
arousal	noun	plein	54
arousal	noun	pleur	97
arousal	noun	pli	65
arousal	noun	pliage	21
arousal	noun	plomb	75
arousal	noun	plot	52
arousal	noun	pluie	67
arousal	noun	plume	27
arousal	noun	plus	73
arousal	noun	pneu	51
arousal	noun	poche	52
arousal	noun	poêle	56
arousal	noun	poids	80
arousal	noun	poigne	81
arousal	noun	poil	83
arousal	noun	poing	78
arousal	noun	point	30
arousal	noun	pointe	86
arousal	noun	poire	21
arousal	noun	pois	30
arousal	noun	poison	90
arousal	noun	poisse	97
arousal	noun	poisson	9
arousal	noun	poivre	69
arousal	noun	poivron	38
arousal	noun	poivrot	77
arousal	noun	pôle	69
arousal	noun	polype	75
arousal	noun	pomme	12
arousal	noun	pompe	51
arousal	noun	poney	54
arousal	noun	pont	36
arousal	noun	pop	56
arousal	noun	porc	59
arousal	noun	porche	59
arousal	noun	port	44
arousal	noun	porte	60
arousal	noun	pose	21
arousal	noun	poste	26
arousal	noun	pot	30
arousal	noun	poterie	33
arousal	noun	potion	52
arousal	noun	potiron	6
arousal	noun	poubelle	78
arousal	noun	pouce	21
arousal	noun	poudre	44
arousal	noun	pouf	57
arousal	noun	poule	38
arousal	noun	poulet	36
arousal	noun	poulpe	79
arousal	noun	poupée	28
arousal	noun	poupon	72
arousal	noun	pourpre	51
arousal	noun	pousse	50
arousal	noun	poutre	27
arousal	noun	pré	2
arousal	noun	préau	24
arousal	noun	presse	78
arousal	noun	prêt	51
arousal	noun	prêtre	69
arousal	noun	preuve	67
arousal	noun	preux	44
arousal	noun	prime	62
arousal	noun	primeur	48
arousal	noun	prince	47
arousal	noun	prise	78
arousal	noun	priseur	8
arousal	noun	prisme	36
arousal	noun	prison	82
arousal	noun	prix	92
arousal	noun	pro	62
arousal	noun	procès	93
arousal	noun	proche	4
arousal	noun	proie	84
arousal	noun	promis	82
arousal	noun	propre	32
arousal	noun	proue	22
arousal	noun	prude	48
arousal	noun	prune	31
arousal	noun	prurit	53
arousal	noun	psy	56
arousal	noun	pub	86
arousal	noun	puce	96
arousal	noun	puits	38
arousal	noun	pull	33
arousal	noun	pulpe	26
arousal	noun	punch	80
arousal	noun	pur	8
arousal	noun	purge	90
arousal	noun	putois	61
arousal	noun	puzzle	37
arousal	noun	python	81
arousal	noun	quai	57
arousal	noun	quart	30
arousal	noun	quartz	36
arousal	noun	quête	72
arousal	noun	queue	44
arousal	noun	quiche	41
arousal	noun	quille	65
arousal	noun	quiz	76
arousal	noun	rabais	67
arousal	noun	rabat	1
arousal	noun	râble	4
arousal	noun	race	86
arousal	noun	radar	71
arousal	noun	radio	58
arousal	noun	radium	57
arousal	noun	radius	12
arousal	noun	rafle	98
arousal	noun	rage	98
arousal	noun	raid	88
arousal	noun	raideur	49
arousal	noun	raie	41
arousal	noun	rail	51
arousal	noun	râle	90
arousal	noun	rallié	56
arousal	noun	ramage	13
arousal	noun	rame	36
arousal	noun	rameur	14
arousal	noun	rampe	53
arousal	noun	ranch	36
arousal	noun	rang	42
arousal	noun	rap	90
arousal	noun	râpe	72
arousal	noun	raphia	18
arousal	noun	ras	52
arousal	noun	raseur	15
arousal	noun	rat	81
arousal	noun	râteau	37
arousal	noun	raton	53
arousal	noun	ravage	90
arousal	noun	rayon	45
arousal	noun	rebord	5
arousal	noun	rébus	45
arousal	noun	récolte	63
arousal	noun	record	84
arousal	noun	rectum	39
arousal	noun	reflet	47
arousal	noun	reflux	42
arousal	noun	réfrigérateur	44
arousal	noun	refus	79
arousal	noun	régal	92
arousal	noun	règle	76
arousal	noun	règne	49
arousal	noun	regret	93
arousal	noun	rein	47
arousal	noun	reine	62
arousal	noun	relief	46
arousal	noun	renard	56
arousal	noun	rendu	29
arousal	noun	rêne	36
arousal	noun	renne	36
arousal	noun	repaire	39
arousal	noun	repas	90
arousal	noun	répit	61
arousal	noun	repos	70
arousal	noun	réseau	53
arousal	noun	reste	17
arousal	noun	rétine	16
arousal	noun	rêve	1
arousal	noun	revenu	78
arousal	noun	révolte	94
arousal	noun	revolver	100
arousal	noun	rhinocéros	81
arousal	noun	rhum	68
arousal	noun	rhume	78
arousal	noun	riche	79
arousal	noun	ride	76
arousal	noun	rien	15
arousal	noun	rieur	63
arousal	noun	rime	7
arousal	noun	ring	92
arousal	noun	rire	61
arousal	noun	risque	94
arousal	noun	rivage	75
arousal	noun	rival	84
arousal	noun	rive	7
arousal	noun	rivet	3
arousal	noun	riz	33
arousal	noun	robe	19
arousal	noun	roc	47
arousal	noun	rocade	73
arousal	noun	roche	19
arousal	noun	rock	85
arousal	noun	roi	75
arousal	noun	rôle	62
arousal	noun	rond	33
arousal	noun	rosace	10
arousal	noun	rose	2
arousal	noun	roseau	10
arousal	noun	roue	58
arousal	noun	roué	91
arousal	noun	rouet	44
arousal	noun	rouge	87
arousal	noun	rouille	71
arousal	noun	roupie	15
arousal	noun	route	62
arousal	noun	roux	47
arousal	noun	royauté	43
arousal	noun	ruban	19
arousal	noun	ruche	78
arousal	noun	rue	59
arousal	noun	ruée	91
arousal	noun	ruelle	67
arousal	noun	ruine	77
arousal	noun	rumeur	87
arousal	noun	ruse	83
arousal	noun	rustre	78
arousal	noun	rythme	85
arousal	noun	sable	3
arousal	noun	sabre	80
arousal	noun	sac	63
arousal	noun	sacre	62
arousal	noun	sacré	72
arousal	noun	sage	1
arousal	noun	saint	21
arousal	noun	sale	88
arousal	noun	saleté	86
arousal	noun	salière	51
arousal	noun	salle	44
arousal	noun	salon	48
arousal	noun	sandwich	10
arousal	noun	sang	94
arousal	noun	sangle	87
arousal	noun	santal	42
arousal	noun	sauce	21
arousal	noun	saumure	11
arousal	noun	saut	67
arousal	noun	sauterelle	44
arousal	noun	saxo	73
arousal	noun	saxon	6
arousal	noun	scalp	97
arousal	noun	scarabée	77
arousal	noun	sceau	21
arousal	noun	scène	51
arousal	noun	sceptre	59
arousal	noun	scie	59
arousal	noun	science	41
arousal	noun	scieur	12
arousal	noun	sciure	47
arousal	noun	scoop	82
arousal	noun	score	67
arousal	noun	scotch	41
arousal	noun	scribe	19
arousal	noun	script	29
arousal	noun	seau	17
arousal	noun	sébum	21
arousal	noun	sec	68
arousal	noun	secte	98
arousal	noun	segment	0
arousal	noun	seigle	26
arousal	noun	sein	33
arousal	noun	sel	59
arousal	noun	self	33
arousal	noun	selle	76
arousal	noun	semoir	12
arousal	noun	sens	26
arousal	noun	sept	33
arousal	noun	serf	86
arousal	noun	série	52
arousal	noun	serment	76
arousal	noun	serpent	94
arousal	noun	serre	59
arousal	noun	sérum	51
arousal	noun	sésame	49
arousal	noun	set	63
arousal	noun	seuil	60
arousal	noun	seul	47
arousal	noun	sève	11
arousal	noun	sévice	97
arousal	noun	sexe	76
arousal	noun	short	21
arousal	noun	show	79
arousal	noun	si	44
arousal	noun	sida	98
arousal	noun	siècle	44
arousal	noun	siège	6
arousal	noun	sien	47
arousal	noun	sieste	0
arousal	noun	sifflet	87
arousal	noun	sigle	59
arousal	noun	signe	26
arousal	noun	simple	4
arousal	noun	singe	41
arousal	noun	sirop	43
arousal	noun	site	17
arousal	noun	skate	51
arousal	noun	sketch	75
arousal	noun	ski	44
arousal	noun	skieur	62
arousal	noun	slave	47
arousal	noun	slip	54
arousal	noun	slow	9
arousal	noun	snack	44
arousal	noun	snob	94
arousal	noun	socle	47
arousal	noun	soda	49
arousal	noun	sofa	59
arousal	noun	soie	35
arousal	noun	soif	85
arousal	noun	soin	7
arousal	noun	soir	4
arousal	noun	soja	28
arousal	noun	sol	28
arousal	noun	solde	36
arousal	noun	sole	7
arousal	noun	soleil	10
arousal	noun	sombre	89
arousal	noun	somme	51
arousal	noun	son	26
arousal	noun	sonate	65
arousal	noun	sonde	75
arousal	noun	sondé	34
arousal	noun	songe	2
arousal	noun	sonnet	47
arousal	noun	sorcier	75
arousal	noun	sort	75
arousal	noun	sorte	28
arousal	noun	sot	58
arousal	noun	sou	46
arousal	noun	souche	31
arousal	noun	soude	81
arousal	noun	souffle	19
arousal	noun	soufre	81
arousal	noun	souk	94
arousal	noun	soulier	6
arousal	noun	soupe	28
arousal	noun	souper	51
arousal	noun	source	2
arousal	noun	sourd	63
arousal	noun	souris	44
arousal	noun	spasme	88
arousal	noun	spectre	79
arousal	noun	sperme	79
arousal	noun	sphère	31
arousal	noun	sphinx	41
arousal	noun	sport	81
arousal	noun	spot	44
arousal	noun	spray	59
arousal	noun	sprint	94
arousal	noun	squash	85
arousal	noun	stade	87
arousal	noun	stage	69
arousal	noun	stand	36
arousal	noun	star	73
arousal	noun	steak	69
arousal	noun	stock	59
arousal	noun	stop	81
arousal	noun	store	8
arousal	noun	strate	14
arousal	noun	stress	99
arousal	noun	stretch	77
arousal	noun	string	86
arousal	noun	style	33
arousal	noun	stylo	40
arousal	noun	su	50
arousal	noun	sucre	17
arousal	noun	sud	11
arousal	noun	suée	89
arousal	noun	sueur	86
arousal	noun	suite	63
arousal	noun	suppôt	38
arousal	noun	surf	73
arousal	noun	tabac	68
arousal	noun	table	5
arousal	noun	tabou	87
arousal	noun	tabouret	47
arousal	noun	tache	78
arousal	noun	tâche	77
arousal	noun	tacle	95
arousal	noun	tacot	21
arousal	noun	tact	47
arousal	noun	tag	81
arousal	noun	taille	38
arousal	noun	talon	27
arousal	noun	tambour	81
arousal	noun	tanin	13
arousal	noun	tante	44
arousal	noun	tape	91
arousal	noun	tapin	53
arousal	noun	tarot	61
arousal	noun	tarte	11
arousal	noun	tas	30
arousal	noun	tasse	20
arousal	noun	tatou	45
arousal	noun	taupe	37
arousal	noun	taux	86
arousal	noun	taxe	95
arousal	noun	teckel	53
arousal	noun	teigne	87
arousal	noun	teint	33
arousal	noun	téléphone	71
arousal	noun	télévision	61
arousal	noun	temple	7
arousal	noun	temps	73
arousal	noun	tente	15
arousal	noun	tenture	17
arousal	noun	tenue	39
arousal	noun	terme	33
arousal	noun	terre	21
arousal	noun	terrien	50
arousal	noun	terrier	13
arousal	noun	test	88
arousal	noun	tête	40
arousal	noun	tétine	25
arousal	noun	texte	30
arousal	noun	texture	30
arousal	noun	thé	4
arousal	noun	thème	47
arousal	noun	thermes	10
arousal	noun	thèse	92
arousal	noun	thon	47
arousal	noun	thym	12
arousal	noun	tibia	7
arousal	noun	tic	85
arousal	noun	tiède	3
arousal	noun	tien	25
arousal	noun	tiers	19
arousal	noun	tige	21
arousal	noun	tigre	88
arousal	noun	timbre	30
arousal	noun	tique	90
arousal	noun	tir	96
arousal	noun	tirade	53
arousal	noun	tirage	18
arousal	noun	tiroir	7
arousal	noun	titane	14
arousal	noun	titre	63
arousal	noun	toast	11
arousal	noun	toc	82
arousal	noun	toile	51
arousal	noun	toison	31
arousal	noun	toit	23
arousal	noun	tôle	67
arousal	noun	tomate	13
arousal	noun	tombe	98
arousal	noun	tombé	58
arousal	noun	tome	40
arousal	noun	ton	33
arousal	noun	tong	10
arousal	noun	tonique	95
arousal	noun	tonne	77
arousal	noun	tonneau	50
arousal	noun	top	69
arousal	noun	topaze	50
arousal	noun	torche	54
arousal	noun	tornade	98
arousal	noun	torsade	17
arousal	noun	tort	88
arousal	noun	tortue	5
arousal	noun	totem	28
arousal	noun	toucan	32
arousal	noun	touche	62
arousal	noun	toucher	88
arousal	noun	touffe	51
arousal	noun	toupie	24
arousal	noun	tourne-disque	7
arousal	noun	tournevis	82
arousal	noun	tourte	11
arousal	noun	tout	66
arousal	noun	toux	95
arousal	noun	toxine	82
arousal	noun	trac	99
arousal	noun	trace	54
arousal	noun	tract	84
arousal	noun	trafic	76
arousal	noun	train	62
arousal	noun	traîne	64
arousal	noun	trait	23
arousal	noun	traite	58
arousal	noun	traité	54
arousal	noun	traître	99
arousal	noun	trame	30
arousal	noun	tranche	69
arousal	noun	transe	91
arousal	noun	trappe	71
arousal	noun	traque	99
arousal	noun	trauma	90
arousal	noun	trèfle	32
arousal	noun	tréma	1
arousal	noun	trépas	64
arousal	noun	tresse	28
arousal	noun	trêve	32
arousal	noun	tri	67
arousal	noun	triade	34
arousal	noun	triage	25
arousal	noun	tribu	48
arousal	noun	triche	96
arousal	noun	tringle	44
arousal	noun	triple	66
arousal	noun	triton	3
arousal	noun	troc	56
arousal	noun	trompe	90
arousal	noun	trompette	47
arousal	noun	tronc	21
arousal	noun	trône	67
arousal	noun	trot	44
arousal	noun	trotte	51
arousal	noun	trou	71
arousal	noun	trouble	92
arousal	noun	trouille	97
arousal	noun	troupe	80
arousal	noun	trousse	44
arousal	noun	truand	66
arousal	noun	truc	61
arousal	noun	truelle	15
arousal	noun	truffe	38
arousal	noun	truie	55
arousal	noun	truite	47
arousal	noun	tube	50
arousal	noun	tuerie	100
arousal	noun	tueur	100
arousal	noun	tuile	23
arousal	noun	tunique	6
arousal	noun	turc	44
arousal	noun	turne	5
arousal	noun	type	62
arousal	noun	tyran	97
arousal	noun	un	25
arousal	noun	urètre	35
arousal	noun	urne	42
arousal	noun	usure	40
arousal	noun	utilité	49
arousal	noun	vache	28
arousal	noun	vagin	61
arousal	noun	vague	18
arousal	noun	valise	30
arousal	noun	valse	45
arousal	noun	valve	46
arousal	noun	vanne	38
arousal	noun	vase	13
arousal	noun	vasque	41
arousal	noun	veau	7
arousal	noun	veille	45
arousal	noun	veine	68
arousal	noun	vélo	41
arousal	noun	vent	38
arousal	noun	vente	74
arousal	noun	ventre	51
arousal	noun	venue	36
arousal	noun	ver	67
arousal	noun	verbe	36
arousal	noun	vermine	82
arousal	noun	verre	41
arousal	noun	verrine	51
arousal	noun	vers	38
arousal	noun	verso	0
arousal	noun	vert	9
arousal	noun	veste	44
arousal	noun	veto	63
arousal	noun	veuf	93
arousal	noun	viande	65
arousal	noun	vice	92
arousal	noun	vide	88
arousal	noun	vie	62
arousal	noun	vierge	26
arousal	noun	vieux	50
arousal	noun	vigne	15
arousal	noun	ville	81
arousal	noun	vin	54
arousal	noun	viol	100
arousal	noun	viole	97
arousal	noun	violon	5
arousal	noun	vipère	92
arousal	noun	vis	65
arousal	noun	vision	75
arousal	noun	vitre	47
arousal	noun	vive	59
arousal	noun	vivre	75
arousal	noun	vizir	22
arousal	noun	vogue	10
arousal	noun	voie	38
arousal	noun	voile	34
arousal	noun	voilier	9
arousal	noun	voiture	79
arousal	noun	voix	11
arousal	noun	vol	89
arousal	noun	volet	2
arousal	noun	volley	55
arousal	noun	volt	92
arousal	noun	voltage	47
arousal	noun	voltige	85
arousal	noun	vote	81
arousal	noun	voûte	38
arousal	noun	voyou	96
arousal	noun	vrac	78
arousal	noun	vu	20
arousal	noun	zèbre	14
arousal	noun	zébu	9
arousal	noun	zèle	69
arousal	noun	zen	0
arousal	noun	zénith	70
arousal	noun	zinc	33
arousal	noun	zizi	73
arousal	noun	zone	56
arousal	noun	zoom	36
arousal	noun	zygote	26
concreteness	noun	abeille	93
concreteness	noun	abricot	76
concreteness	noun	accordéon	91
concreteness	noun	acte	35
concreteness	noun	âge	23
concreteness	noun	agenda	76
concreteness	noun	agneau	88
concreteness	noun	agrafeur	76
concreteness	noun	aide	15
concreteness	noun	aigle	78
concreteness	noun	aiguille	67
concreteness	noun	ail	89
concreteness	noun	aile	45
concreteness	noun	aimant	19
concreteness	noun	air	9
concreteness	noun	aise	10
concreteness	noun	algue	79
concreteness	noun	allumette	96
concreteness	noun	ambre	43
concreteness	noun	ambulance	34
concreteness	noun	âme	1
concreteness	noun	ampli	15
concreteness	noun	ampoule	87
concreteness	noun	an	15
concreteness	noun	ananas	96
concreteness	noun	anatomie	2
concreteness	noun	ancre	49
concreteness	noun	âne	99
concreteness	noun	ange	11
concreteness	noun	angle	42
concreteness	noun	anguille	44
concreteness	noun	anneau	9
concreteness	noun	anse	10
concreteness	noun	antenne	38
concreteness	noun	août	44
concreteness	noun	araignée	91
concreteness	noun	arbre	75
concreteness	noun	arc	75
concreteness	noun	arche	40
concreteness	noun	archet	21
concreteness	noun	argent	3
concreteness	noun	arme	76
concreteness	noun	armoire	96
concreteness	noun	arrosoir	77
concreteness	noun	art	5
concreteness	noun	artichaut	96
concreteness	noun	as	48
concreteness	noun	asperge	88
concreteness	noun	aspirateur	88
concreteness	noun	assiette	88
concreteness	noun	asthme	42
concreteness	noun	astre	39
concreteness	noun	astronaute	15
concreteness	noun	aube	32
concreteness	noun	autobus	51
concreteness	noun	autre	9
concreteness	noun	autruche	69
concreteness	noun	auvent	26
concreteness	noun	avion	74
concreteness	noun	avocat	24
concreteness	noun	axe	30
concreteness	noun	bac	56
concreteness	noun	bâche	78
concreteness	noun	badge	79
concreteness	noun	bague	90
concreteness	noun	baguette	38
concreteness	noun	bai	58
concreteness	noun	baignoire	88
concreteness	noun	bail	43
concreteness	noun	bain	70
concreteness	noun	baisse	11
concreteness	noun	bal	31
concreteness	noun	balai	80
concreteness	noun	balance	38
concreteness	noun	balançoire	83
concreteness	noun	balcon	44
concreteness	noun	baleine	51
concreteness	noun	balle	86
concreteness	noun	ballon	75
concreteness	noun	banane	98
concreteness	noun	banc	69
concreteness	noun	bande	49
concreteness	noun	banjo	62
concreteness	noun	banque	66
concreteness	noun	bar	69
concreteness	noun	barbe	55
concreteness	noun	barbecue	62
concreteness	noun	barbelé	62
concreteness	noun	barbiche	19
concreteness	noun	baril	21
concreteness	noun	barque	81
concreteness	noun	barre	43
concreteness	noun	barrière	74
concreteness	noun	bas	24
concreteness	noun	bascule	11
concreteness	noun	base	18
concreteness	noun	basque	36
concreteness	noun	bassine	62
concreteness	noun	bateau	88
concreteness	noun	batterie	26
concreteness	noun	baume	59
concreteness	noun	beau	8
concreteness	noun	bébé	17
concreteness	noun	bec	56
concreteness	noun	bêche	65
concreteness	noun	beige	30
concreteness	noun	béquille	76
concreteness	noun	berceau	44
concreteness	noun	béret	96
concreteness	noun	berge	54
concreteness	noun	bête	35
concreteness	noun	beurre	95
concreteness	noun	biais	12
concreteness	noun	biberon	88
concreteness	noun	bible	62
concreteness	noun	bibliothèque	13
concreteness	noun	biche	75
concreteness	noun	bien	2
concreteness	noun	bière	92
concreteness	noun	bile	53
concreteness	noun	bille	89
concreteness	noun	billet	28
concreteness	noun	binette	8
concreteness	noun	bip	32
concreteness	noun	biscotte	76
concreteness	noun	biscuit	76
concreteness	noun	bise	52
concreteness	noun	bison	62
concreteness	noun	blague	22
concreteness	noun	blâme	27
concreteness	noun	blanc	45
concreteness	noun	blatte	24
concreteness	noun	blé	69
concreteness	noun	bleu	36
concreteness	noun	bloc	52
concreteness	noun	blond	40
concreteness	noun	blues	9
concreteness	noun	bocal	62
concreteness	noun	boire	57
concreteness	noun	bois	77
concreteness	noun	boîte	51
concreteness	noun	bol	81
concreteness	noun	bombe	44
concreteness	noun	bon	14
concreteness	noun	bonbon	96
concreteness	noun	bond	34
concreteness	noun	bonnet	88
concreteness	noun	boomerang	51
concreteness	noun	borgne	49
concreteness	noun	borne	47
concreteness	noun	bosse	37
concreteness	noun	botte	73
concreteness	noun	bouc	70
concreteness	noun	bouche	59
concreteness	noun	bouchon	51
concreteness	noun	boucle	37
concreteness	noun	bouclier	44
concreteness	noun	boue	67
concreteness	noun	bouée	64
concreteness	noun	bougie	88
concreteness	noun	bougre	21
concreteness	noun	bouille	32
concreteness	noun	bouilloire	76
concreteness	noun	boule	72
concreteness	noun	boulet	31
concreteness	noun	boum	21
concreteness	noun	bourg	40
concreteness	noun	bourreau	5
concreteness	noun	bourse	43
concreteness	noun	boussole	34
concreteness	noun	bout	19
concreteness	noun	bouteille	80
concreteness	noun	bouton	59
concreteness	noun	box	56
concreteness	noun	boxe	53
concreteness	noun	braille	41
concreteness	noun	braise	58
concreteness	noun	branche	73
concreteness	noun	bras	72
concreteness	noun	brasse	32
concreteness	noun	brave	16
concreteness	noun	break	19
concreteness	noun	brèche	43
concreteness	noun	bref	6
concreteness	noun	bride	58
concreteness	noun	bridge	38
concreteness	noun	brie	56
concreteness	noun	brin	48
concreteness	noun	brique	68
concreteness	noun	briquet	88
concreteness	noun	bris	41
concreteness	noun	brise	35
concreteness	noun	broche	48
concreteness	noun	brocoli	62
concreteness	noun	bronche	59
concreteness	noun	bronze	48
concreteness	noun	brosse	87
concreteness	noun	brouette	76
concreteness	noun	brouille	12
concreteness	noun	brousse	52
concreteness	noun	bruit	37
concreteness	noun	brume	37
concreteness	noun	brun	48
concreteness	noun	brute	19
concreteness	noun	bûche	78
concreteness	noun	buée	49
concreteness	noun	buffle	71
concreteness	noun	bulbe	69
concreteness	noun	bulle	33
concreteness	noun	bureau	54
concreteness	noun	burin	21
concreteness	noun	bus	74
concreteness	noun	buste	65
concreteness	noun	but	22
concreteness	noun	butte	55
concreteness	noun	cabine	18
concreteness	noun	câble	69
concreteness	noun	cacahouète	99
concreteness	noun	cacahuète	76
concreteness	noun	cachalot	51
concreteness	noun	cache	33
concreteness	noun	cactus	76
concreteness	noun	caddie	62
concreteness	noun	cadeau	13
concreteness	noun	cadenas	78
concreteness	noun	cadran	13
concreteness	noun	cadre	44
concreteness	noun	cafetier	51
concreteness	noun	cage	51
concreteness	noun	cahier	88
concreteness	noun	caille	74
concreteness	noun	caisse	49
concreteness	noun	cake	75
concreteness	noun	calculateur	76
concreteness	noun	calendrier	21
concreteness	noun	calmar	88
concreteness	noun	calme	11
concreteness	noun	calque	54
concreteness	noun	calumet	17
concreteness	noun	caméra	62
concreteness	noun	camion	82
concreteness	noun	camp	56
concreteness	noun	camping	5
concreteness	noun	camping-car	51
concreteness	noun	canapé	67
concreteness	noun	canard	93
concreteness	noun	cancre	32
concreteness	noun	cane	51
concreteness	noun	canif	76
concreteness	noun	canne	67
concreteness	noun	canoë	88
concreteness	noun	canon	48
concreteness	noun	cap	28
concreteness	noun	cape	66
concreteness	noun	capot	62
concreteness	noun	câpre	64
concreteness	noun	capsule	44
concreteness	noun	capuche	62
concreteness	noun	car	54
concreteness	noun	carabine	76
concreteness	noun	carafe	51
concreteness	noun	caravane	62
concreteness	noun	cargo	21
concreteness	noun	carillon	38
concreteness	noun	carnet	44
concreteness	noun	carotte	92
concreteness	noun	carpe	88
concreteness	noun	carpette	28
concreteness	noun	carquois	10
concreteness	noun	carrosse	15
concreteness	noun	cartable	76
concreteness	noun	carte	61
concreteness	noun	carton	19
concreteness	noun	cartouche	62
concreteness	noun	cas	7
concreteness	noun	case	51
concreteness	noun	cash	38
concreteness	noun	casier	28
concreteness	noun	casque	73
concreteness	noun	casquette	84
concreteness	noun	casse	25
concreteness	noun	casserole	76
concreteness	noun	cassette	44
concreteness	noun	castor	62
concreteness	noun	catapulte	24
concreteness	noun	cause	5
concreteness	noun	cave	62
concreteness	noun	cèdre	61
concreteness	noun	ceinture	85
concreteness	noun	céleri	67
concreteness	noun	celte	28
concreteness	noun	cendre	71
concreteness	noun	cendrier	95
concreteness	noun	cent	14
concreteness	noun	centaure	1
concreteness	noun	centre	29
concreteness	noun	cèpe	79
concreteness	noun	cerceau	62
concreteness	noun	cercle	25
concreteness	noun	cercueil	28
concreteness	noun	cerf	83
concreteness	noun	cerf-volant	91
concreteness	noun	cerise	88
concreteness	noun	cerveau	10
concreteness	noun	cesse	11
concreteness	noun	chaîne	43
concreteness	noun	chair	60
concreteness	noun	chaise	95
concreteness	noun	châle	59
concreteness	noun	chambre	74
concreteness	noun	chameau	72
concreteness	noun	champ	36
concreteness	noun	champignon	83
concreteness	noun	chance	6
concreteness	noun	chandelier	76
concreteness	noun	change	17
concreteness	noun	chant	44
concreteness	noun	chapeau	86
concreteness	noun	chapiteau	38
concreteness	noun	char	69
concreteness	noun	charge	34
concreteness	noun	chariot	80
concreteness	noun	charme	6
concreteness	noun	charrette	62
concreteness	noun	charrue	76
concreteness	noun	charte	39
concreteness	noun	chasse	52
concreteness	noun	chat	97
concreteness	noun	châtaigne	76
concreteness	noun	château	44
concreteness	noun	chaud	29
concreteness	noun	chauffe	26
concreteness	noun	chaume	45
concreteness	noun	chaussette	88
concreteness	noun	chausson	51
concreteness	noun	chaussure	87
concreteness	noun	chauve-souris	62
concreteness	noun	chaux	46
concreteness	noun	chef	45
concreteness	noun	cheminée	44
concreteness	noun	chemise	82
concreteness	noun	chemisier	75
concreteness	noun	chêne	80
concreteness	noun	chenille	61
concreteness	noun	chèque	83
concreteness	noun	cheval	87
concreteness	noun	chevalet	31
concreteness	noun	cheveu	67
concreteness	noun	chèvre	86
concreteness	noun	chewing-gum	62
concreteness	noun	chien	78
concreteness	noun	chiffre	39
concreteness	noun	chignon	24
concreteness	noun	chine	50
concreteness	noun	chiot	95
concreteness	noun	chips	75
concreteness	noun	chique	30
concreteness	noun	chlore	48
concreteness	noun	choc	28
concreteness	noun	chœur	5
concreteness	noun	choix	9
concreteness	noun	chope	43
concreteness	noun	chose	18
concreteness	noun	chou	74
concreteness	noun	chouette	78
concreteness	noun	christ	16
concreteness	noun	chrome	33
concreteness	noun	chronomètre	51
concreteness	noun	chute	44
concreteness	noun	cible	43
concreteness	noun	cicatrice	24
concreteness	noun	cidre	81
concreteness	noun	ciel	49
concreteness	noun	cierge	76
concreteness	noun	cigale	51
concreteness	noun	cigare	89
concreteness	noun	cigarette	96
concreteness	noun	cigogne	51
concreteness	noun	cil	77
concreteness	noun	cime	55
concreteness	noun	cimetière	7
concreteness	noun	cintre	82
concreteness	noun	circuit	7
concreteness	noun	cire	67
concreteness	noun	cirque	39
concreteness	noun	ciseau	82
concreteness	noun	citerne	38
concreteness	noun	citron	91
concreteness	noun	citrouille	88
concreteness	noun	civière	44
concreteness	noun	clair	17
concreteness	noun	clan	31
concreteness	noun	claque	60
concreteness	noun	classe	43
concreteness	noun	classeur	62
concreteness	noun	clause	15
concreteness	noun	clavier	31
concreteness	noun	clé	90
concreteness	noun	clef	79
concreteness	noun	clerc	32
concreteness	noun	clic	16
concreteness	noun	clip	48
concreteness	noun	clique	25
concreteness	noun	cloche	66
concreteness	noun	cloître	47
concreteness	noun	clone	37
concreteness	noun	clope	75
concreteness	noun	cloque	61
concreteness	noun	clos	41
concreteness	noun	clou	96
concreteness	noun	clown	45
concreteness	noun	club	45
concreteness	noun	coccinelle	76
concreteness	noun	coche	25
concreteness	noun	cochon	81
concreteness	noun	cocotte-minute	76
concreteness	noun	code	30
concreteness	noun	cœur	8
concreteness	noun	coffre	72
concreteness	noun	coffre-fort	44
concreteness	noun	coiffe	53
concreteness	noun	coin	43
concreteness	noun	coing	52
concreteness	noun	col	50
concreteness	noun	collant	62
concreteness	noun	colle	47
concreteness	noun	collier	91
concreteness	noun	colombe	38
concreteness	noun	colonne	7
concreteness	noun	comble	34
concreteness	noun	commode	72
concreteness	noun	compas	76
concreteness	noun	compte	30
concreteness	noun	comte	50
concreteness	noun	concombre	88
concreteness	noun	cône	53
concreteness	noun	conte	47
concreteness	noun	contre	10
concreteness	noun	coq	84
concreteness	noun	coque	39
concreteness	noun	coquillage	96
concreteness	noun	cor	42
concreteness	noun	corde	64
concreteness	noun	corne	55
concreteness	noun	cornemuse	38
concreteness	noun	cornet	24
concreteness	noun	corps	41
concreteness	noun	cote	37
concreteness	noun	côte	46
concreteness	noun	cou	51
concreteness	noun	couche	64
concreteness	noun	coude	84
concreteness	noun	couette	80
concreteness	noun	couffin	76
concreteness	noun	coup	41
concreteness	noun	coupe	31
concreteness	noun	couple	40
concreteness	noun	cour	56
concreteness	noun	courbe	35
concreteness	noun	courge	77
concreteness	noun	couronne	54
concreteness	noun	cours	48
concreteness	noun	course	45
concreteness	noun	coût	16
concreteness	noun	couteau	81
concreteness	noun	crabe	82
concreteness	noun	craie	93
concreteness	noun	crainte	2
concreteness	noun	crampe	46
concreteness	noun	cran	21
concreteness	noun	crâne	58
concreteness	noun	crasse	58
concreteness	noun	cravate	83
concreteness	noun	crayon	96
concreteness	noun	crèche	72
concreteness	noun	crème	67
concreteness	noun	crêpe	74
concreteness	noun	crête	35
concreteness	noun	creux	36
concreteness	noun	crevette	88
concreteness	noun	cri	52
concreteness	noun	crible	19
concreteness	noun	crime	53
concreteness	noun	crique	56
concreteness	noun	crise	11
concreteness	noun	croc	59
concreteness	noun	crochet	24
concreteness	noun	crocodile	88
concreteness	noun	croissant	44
concreteness	noun	croix	45
concreteness	noun	crosse	58
concreteness	noun	croupe	47
concreteness	noun	croûte	69
concreteness	noun	cru	39
concreteness	noun	cruche	51
concreteness	noun	crue	45
concreteness	noun	crypte	47
concreteness	noun	cube	47
concreteness	noun	cuillère	91
concreteness	noun	cuir	75
concreteness	noun	cuisine	11
concreteness	noun	cuisinier	50
concreteness	noun	cuisse	92
concreteness	noun	cuivre	63
concreteness	noun	culte	10
concreteness	noun	cure	29
concreteness	noun	cuve	72
concreteness	noun	cycle	21
concreteness	noun	cycliste	19
concreteness	noun	cygne	77
concreteness	noun	cymbale	88
concreteness	noun	daim	72
concreteness	noun	dalle	59
concreteness	noun	dame	65
concreteness	noun	dan	7
concreteness	noun	danse	52
concreteness	noun	danseur	24
concreteness	noun	date	23
concreteness	noun	datte	92
concreteness	noun	dauphin	44
concreteness	noun	dé	82
concreteness	noun	décoration	1
concreteness	noun	dent	87
concreteness	noun	dette	32
concreteness	noun	deuil	25
concreteness	noun	diable	10
concreteness	noun	diamant	38
concreteness	noun	dictaphone	28
concreteness	noun	dièse	1
concreteness	noun	diète	18
concreteness	noun	dieu	0
concreteness	noun	diligence	11
concreteness	noun	dinde	87
concreteness	noun	dindon	76
concreteness	noun	dinosaure	5
concreteness	noun	diode	41
concreteness	noun	dire	15
concreteness	noun	disque	75
concreteness	noun	dit	11
concreteness	noun	do	11
concreteness	noun	dogme	3
concreteness	noun	doigt	93
concreteness	noun	dôme	52
concreteness	noun	domino	34
concreteness	noun	don	30
concreteness	noun	donne	19
concreteness	noun	dos	73
concreteness	noun	dose	30
concreteness	noun	douane	64
concreteness	noun	double	17
concreteness	noun	douche	47
concreteness	noun	douille	68
concreteness	noun	doute	9
concreteness	noun	doux	32
concreteness	noun	dragon	2
concreteness	noun	drame	19
concreteness	noun	drap	82
concreteness	noun	drapeau	65
concreteness	noun	drogue	54
concreteness	noun	droit	23
concreteness	noun	drôle	19
concreteness	noun	druide	27
concreteness	noun	dû	4
concreteness	noun	duel	46
concreteness	noun	dune	69
concreteness	noun	duo	53
concreteness	noun	dupe	10
concreteness	noun	dur	23
concreteness	noun	eau	67
concreteness	noun	échelle	71
concreteness	noun	écrou	70
concreteness	noun	écureuil	98
concreteness	noun	église	79
concreteness	noun	éléphant	99
concreteness	noun	elfe	26
concreteness	noun	empreinte	5
concreteness	noun	enclume	88
concreteness	noun	encre	48
concreteness	noun	encrier	62
concreteness	noun	enfant	9
concreteness	noun	entonnoir	76
concreteness	noun	enveloppe	81
concreteness	noun	escabeau	88
concreteness	noun	escalier	76
concreteness	noun	escargot	84
concreteness	noun	espadon	13
concreteness	noun	est	11
concreteness	noun	étoile	62
concreteness	noun	être	6
concreteness	noun	extincteur	51
concreteness	noun	fa	10
concreteness	noun	fable	33
concreteness	noun	fac	42
concreteness	noun	face	46
concreteness	noun	faille	43
concreteness	noun	faim	28
concreteness	noun	fait	32
concreteness	noun	fakir	3
concreteness	noun	famille	3
concreteness	noun	fan	26
concreteness	noun	faon	77
concreteness	noun	farce	27
concreteness	noun	fard	49
concreteness	noun	faune	39
concreteness	noun	faute	22
concreteness	noun	fauve	58
concreteness	noun	fax	65
concreteness	noun	fée	21
concreteness	noun	feinte	14
concreteness	noun	femme	40
concreteness	noun	fenêtre	68
concreteness	noun	fente	54
concreteness	noun	fer	58
concreteness	noun	ferme	54
concreteness	noun	fête	49
concreteness	noun	feu	32
concreteness	noun	feuille	48
concreteness	noun	feutre	81
concreteness	noun	fibre	39
concreteness	noun	fiche	63
concreteness	noun	fier	10
concreteness	noun	fièvre	36
concreteness	noun	figue	88
concreteness	noun	fil	67
concreteness	noun	file	49
concreteness	noun	filet	62
concreteness	noun	fille	45
concreteness	noun	film	36
concreteness	noun	fils	56
concreteness	noun	filtre	47
concreteness	noun	fin	8
concreteness	noun	fiole	52
concreteness	noun	firme	22
concreteness	noun	fisc	23
concreteness	noun	fixe	26
concreteness	noun	flacon	44
concreteness	noun	flair	18
concreteness	noun	flambeau	18
concreteness	noun	flamme	77
concreteness	noun	flan	62
concreteness	noun	flanc	49
concreteness	noun	flaque	64
concreteness	noun	flash	39
concreteness	noun	flasque	37
concreteness	noun	flèche	43
concreteness	noun	fléchette	96
concreteness	noun	flemme	16
concreteness	noun	fleur	58
concreteness	noun	fleuve	60
concreteness	noun	flipper	24
concreteness	noun	flot	43
concreteness	noun	flotte	43
concreteness	noun	fluide	34
concreteness	noun	flûte	92
concreteness	noun	flux	18
concreteness	noun	foi	7
concreteness	noun	foie	66
concreteness	noun	foin	80
concreteness	noun	foire	43
concreteness	noun	fois	5
concreteness	noun	folk	15
concreteness	noun	fond	27
concreteness	noun	fonte	46
concreteness	noun	foot	54
concreteness	noun	force	17
concreteness	noun	forge	61
concreteness	noun	forme	30
concreteness	noun	fort	16
concreteness	noun	fosse	59
concreteness	noun	fou	5
concreteness	noun	foudre	51
concreteness	noun	fouet	73
concreteness	noun	fougère	69
concreteness	noun	fougue	7
concreteness	noun	fouille	27
concreteness	noun	fouine	74
concreteness	noun	foule	51
concreteness	noun	four	75
concreteness	noun	fourbe	3
concreteness	noun	fourche	49
concreteness	noun	fourchette	91
concreteness	noun	fourmi	77
concreteness	noun	fourmilier	21
concreteness	noun	frais	33
concreteness	noun	fraise	91
concreteness	noun	franc	23
concreteness	noun	frange	64
concreteness	noun	frappe	35
concreteness	noun	fraude	23
concreteness	noun	frein	59
concreteness	noun	frère	54
concreteness	noun	fresque	62
concreteness	noun	frigidaire	62
concreteness	noun	frise	48
concreteness	noun	frite	73
concreteness	noun	froid	33
concreteness	noun	fromage	34
concreteness	noun	front	63
concreteness	noun	frousse	9
concreteness	noun	fruit	85
concreteness	noun	fugue	34
concreteness	noun	fuite	37
concreteness	noun	fusée	21
concreteness	noun	fusil	76
concreteness	noun	fût	40
concreteness	noun	gag	27
concreteness	noun	gage	26
concreteness	noun	gain	26
concreteness	noun	gaine	61
concreteness	noun	gamme	22
concreteness	noun	gang	44
concreteness	noun	gant	64
concreteness	noun	garage	38
concreteness	noun	garçon	11
concreteness	noun	garde	35
concreteness	noun	gare	74
concreteness	noun	gâteau	92
concreteness	noun	gauche	30
concreteness	noun	gaufre	85
concreteness	noun	gaz	35
concreteness	noun	géant	3
concreteness	noun	geisha	4
concreteness	noun	gel	58
concreteness	noun	gendarme	16
concreteness	noun	gendre	43
concreteness	noun	gène	16
concreteness	noun	gêne	8
concreteness	noun	genre	10
concreteness	noun	gens	40
concreteness	noun	gerbe	54
concreteness	noun	germe	55
concreteness	noun	geste	38
concreteness	noun	gifle	61
concreteness	noun	gilet	86
concreteness	noun	girafe	83
concreteness	noun	girouette	26
concreteness	noun	gîte	58
concreteness	noun	givre	58
concreteness	noun	glace	56
concreteness	noun	glaive	71
concreteness	noun	gland	67
concreteness	noun	glande	56
concreteness	noun	glisse	31
concreteness	noun	globe	34
concreteness	noun	gloire	12
concreteness	noun	glotte	61
concreteness	noun	goinfre	39
concreteness	noun	golf	67
concreteness	noun	golfe	51
concreteness	noun	gomme	91
concreteness	noun	gorge	81
concreteness	noun	gorille	71
concreteness	noun	gosse	64
concreteness	noun	gouffre	44
concreteness	noun	gourd	66
concreteness	noun	gousse	59
concreteness	noun	goût	18
concreteness	noun	goutte	36
concreteness	noun	grâce	4
concreteness	noun	grade	30
concreteness	noun	grain	64
concreteness	noun	graine	72
concreteness	noun	graisse	49
concreteness	noun	gramme	32
concreteness	noun	grand	23
concreteness	noun	grange	57
concreteness	noun	graphique	4
concreteness	noun	grappe	65
concreteness	noun	gras	30
concreteness	noun	gratte	32
concreteness	noun	grave	6
concreteness	noun	gré	8
concreteness	noun	grec	43
concreteness	noun	greffe	45
concreteness	noun	grêle	63
concreteness	noun	grenade	51
concreteness	noun	grenouille	87
concreteness	noun	grès	32
concreteness	noun	grève	35
concreteness	noun	griffe	48
concreteness	noun	grill	68
concreteness	noun	grille	74
concreteness	noun	grille-pain	92
concreteness	noun	grippe	44
concreteness	noun	gris	30
concreteness	noun	grogne	30
concreteness	noun	gros	30
concreteness	noun	grotte	45
concreteness	noun	groupe	55
concreteness	noun	grue	57
concreteness	noun	guêpe	96
concreteness	noun	guerre	52
concreteness	noun	gueule	50
concreteness	noun	guide	50
concreteness	noun	guitare	97
concreteness	noun	gym	47
concreteness	noun	gymnaste	21
concreteness	noun	hache	82
concreteness	noun	hachoir	34
concreteness	noun	haie	50
concreteness	noun	haine	4
concreteness	noun	hâle	25
concreteness	noun	hall	60
concreteness	noun	halle	50
concreteness	noun	halte	26
concreteness	noun	haltère	62
concreteness	noun	hamac	88
concreteness	noun	hamburger	96
concreteness	noun	hameçon	51
concreteness	noun	hanche	71
concreteness	noun	hargne	14
concreteness	noun	haricot	88
concreteness	noun	harmonica	96
concreteness	noun	harpe	71
concreteness	noun	harpon	62
concreteness	noun	hâte	8
concreteness	noun	hausse	9
concreteness	noun	haut	15
concreteness	noun	havre	14
concreteness	noun	hélice	34
concreteness	noun	hélicoptère	94
concreteness	noun	herbe	77
concreteness	noun	hérisson	88
concreteness	noun	hertz	16
concreteness	noun	heure	20
concreteness	noun	hibou	87
concreteness	noun	hiéroglyphe	6
concreteness	noun	hippocampe	64
concreteness	noun	hippopotame	62
concreteness	noun	hochet	76
concreteness	noun	homard	77
concreteness	noun	homme	83
concreteness	noun	honte	11
concreteness	noun	horloge	82
concreteness	noun	hot-dog	62
concreteness	noun	hôte	49
concreteness	noun	hotte	52
concreteness	noun	houle	46
concreteness	noun	housse	69
concreteness	noun	houx	82
concreteness	noun	hublot	31
concreteness	noun	huile	66
concreteness	noun	huître	87
concreteness	noun	humble	11
concreteness	noun	hutte	65
concreteness	noun	hyène	57
concreteness	noun	hymne	27
concreteness	noun	iceberg	13
concreteness	noun	igloo	34
concreteness	noun	ile	8
concreteness	noun	île	63
concreteness	noun	indien	10
concreteness	noun	infirmier	19
concreteness	noun	interrupteur	66
concreteness	noun	jambe	68
concreteness	noun	jambon	38
concreteness	noun	jarre	65
concreteness	noun	jauge	43
concreteness	noun	jaune	47
concreteness	noun	jazz	35
concreteness	noun	jean	83
concreteness	noun	jeep	62
concreteness	noun	jet	54
concreteness	noun	jeu	52
concreteness	noun	jeune	18
concreteness	noun	jeûne	29
concreteness	noun	job	53
concreteness	noun	joie	11
concreteness	noun	joint	48
concreteness	noun	joue	70
concreteness	noun	jouet	69
concreteness	noun	joueur	51
concreteness	noun	jour	31
concreteness	noun	journal	44
concreteness	noun	joute	39
concreteness	noun	juge	54
concreteness	noun	juin	40
concreteness	noun	juke-box	34
concreteness	noun	jumeau	31
concreteness	noun	jungle	67
concreteness	noun	jupe	89
concreteness	noun	jus	65
concreteness	noun	juste	7
concreteness	noun	kangourou	72
concreteness	noun	képi	76
concreteness	noun	kilt	74
concreteness	noun	kiosque	41
concreteness	noun	kit	48
concreteness	noun	kiwi	76
concreteness	noun	klaxon	26
concreteness	noun	koala	44
concreteness	noun	la	2
concreteness	noun	labyrinthe	5
concreteness	noun	lac	45
concreteness	noun	lacet	62
concreteness	noun	lâche	24
concreteness	noun	lai	24
concreteness	noun	laid	13
concreteness	noun	laine	74
concreteness	noun	laisse	39
concreteness	noun	lait	60
concreteness	noun	laitue	81
concreteness	noun	lama	44
concreteness	noun	lame	49
concreteness	noun	lampadaire	76
concreteness	noun	lampe	79
concreteness	noun	lance	40
concreteness	noun	lance-pierre	76
concreteness	noun	landau	64
concreteness	noun	langue	32
concreteness	noun	lapin	84
concreteness	noun	laque	36
concreteness	noun	lard	78
concreteness	noun	large	23
concreteness	noun	larme	39
concreteness	noun	larve	64
concreteness	noun	lasso	38
concreteness	noun	latte	62
concreteness	noun	lavabo	51
concreteness	noun	lave	55
concreteness	noun	lente	24
concreteness	noun	léopard	74
concreteness	noun	lèpre	46
concreteness	noun	lettre	40
concreteness	noun	leur	3
concreteness	noun	leurre	26
concreteness	noun	lèvre	75
concreteness	noun	lézard	88
concreteness	noun	liane	81
concreteness	noun	liasse	59
concreteness	noun	libellule	76
concreteness	noun	licorne	2
concreteness	noun	lie	37
concreteness	noun	liège	59
concreteness	noun	lien	30
concreteness	noun	lieu	34
concreteness	noun	lièvre	96
concreteness	noun	ligne	44
concreteness	noun	ligue	24
concreteness	noun	limace	62
concreteness	noun	lime	58
concreteness	noun	lin	71
concreteness	noun	linge	78
concreteness	noun	lion	78
concreteness	noun	lionceau	62
concreteness	noun	lire	48
concreteness	noun	lisse	36
concreteness	noun	liste	41
concreteness	noun	lit	68
concreteness	noun	litre	40
concreteness	noun	livre	89
concreteness	noun	lobe	59
concreteness	noun	locomotive	76
concreteness	noun	loft	58
concreteness	noun	loge	56
concreteness	noun	loi	25
concreteness	noun	look	14
concreteness	noun	lot	48
concreteness	noun	louange	4
concreteness	noun	louche	66
concreteness	noun	loup	71
concreteness	noun	loupe	97
concreteness	noun	lourd	25
concreteness	noun	loutre	79
concreteness	noun	lueur	16
concreteness	noun	luge	80
concreteness	noun	lune	42
concreteness	noun	lunette	96
concreteness	noun	lustre	78
concreteness	noun	luth	10
concreteness	noun	lutte	17
concreteness	noun	luxe	10
concreteness	noun	lymphe	34
concreteness	noun	lynx	53
concreteness	noun	lys	72
concreteness	noun	mâche	55
concreteness	noun	magicien	2
concreteness	noun	magnétophone	76
concreteness	noun	mai	13
concreteness	noun	maigre	25
concreteness	noun	maille	58
concreteness	noun	main	82
concreteness	noun	maire	64
concreteness	noun	maïs	62
concreteness	noun	maison	66
concreteness	noun	maître	44
concreteness	noun	mal	9
concreteness	noun	mâle	51
concreteness	noun	malle	56
concreteness	noun	malt	53
concreteness	noun	manche	71
concreteness	noun	mangue	90
concreteness	noun	manque	5
concreteness	noun	manteau	93
concreteness	noun	mappemonde	8
concreteness	noun	maraca	32
concreteness	noun	marbre	64
concreteness	noun	marcassin	56
concreteness	noun	marche	57
concreteness	noun	mare	63
concreteness	noun	marelle	13
concreteness	noun	marge	44
concreteness	noun	marguerite	88
concreteness	noun	marin	13
concreteness	noun	marionnette	34
concreteness	noun	marmite	79
concreteness	noun	marque	43
concreteness	noun	marron	10
concreteness	noun	mars	34
concreteness	noun	marteau	87
concreteness	noun	masque	47
concreteness	noun	masse	38
concreteness	noun	massue	51
concreteness	noun	mat	48
concreteness	noun	mât	64
concreteness	noun	match	57
concreteness	noun	math	27
concreteness	noun	mauve	40
concreteness	noun	mèche	46
concreteness	noun	médaille	34
concreteness	noun	médicament	21
concreteness	noun	méduse	26
concreteness	noun	mégot	62
concreteness	noun	membre	53
concreteness	noun	menhir	26
concreteness	noun	menotte	76
concreteness	noun	menthe	73
concreteness	noun	mer	39
concreteness	noun	mère	67
concreteness	noun	merle	83
concreteness	noun	messe	37
concreteness	noun	mètre	20
concreteness	noun	mets	41
concreteness	noun	meuble	87
concreteness	noun	meule	67
concreteness	noun	meurtre	43
concreteness	noun	mi	16
concreteness	noun	miche	65
concreteness	noun	micro	21
concreteness	noun	microscope	62
concreteness	noun	mie	67
concreteness	noun	miel	78
concreteness	noun	mien	15
concreteness	noun	miette	72
concreteness	noun	mille	37
concreteness	noun	mime	28
concreteness	noun	mince	30
concreteness	noun	mine	66
concreteness	noun	mioche	49
concreteness	noun	miroir	34
concreteness	noun	mise	21
concreteness	noun	mite	17
concreteness	noun	mitraillette	62
concreteness	noun	mixte	33
concreteness	noun	mode	8
concreteness	noun	moelle	54
concreteness	noun	moine	70
concreteness	noun	moins	7
concreteness	noun	mois	28
concreteness	noun	momie	8
concreteness	noun	monde	14
concreteness	noun	monstre	33
concreteness	noun	mont	49
concreteness	noun	montagne	40
concreteness	noun	montgolfière	44
concreteness	noun	montre	86
concreteness	noun	morgue	59
concreteness	noun	morse	38
concreteness	noun	mort	34
concreteness	noun	mot	30
concreteness	noun	motard	26
concreteness	noun	moto	84
concreteness	noun	motte	55
concreteness	noun	mouche	78
concreteness	noun	moue	30
concreteness	noun	mouette	95
concreteness	noun	moufle	67
concreteness	noun	moule	73
concreteness	noun	moulin	38
concreteness	noun	mousse	61
concreteness	noun	moustache	38
concreteness	noun	moustique	88
concreteness	noun	mouton	88
concreteness	noun	mue	38
concreteness	noun	muet	39
concreteness	noun	mufle	53
concreteness	noun	mule	72
concreteness	noun	mur	60
concreteness	noun	mûre	51
concreteness	noun	muscle	70
concreteness	noun	muse	17
concreteness	noun	myope	39
concreteness	noun	mythe	9
concreteness	noun	nacre	47
concreteness	noun	nage	44
concreteness	noun	nain	56
concreteness	noun	nappe	79
concreteness	noun	natte	53
concreteness	noun	navette	8
concreteness	noun	neige	67
concreteness	noun	nerf	53
concreteness	noun	net	19
concreteness	noun	neuf	25
concreteness	noun	neutre	6
concreteness	noun	nez	77
concreteness	noun	niche	86
concreteness	noun	nid	43
concreteness	noun	no	4
concreteness	noun	noble	17
concreteness	noun	noce	34
concreteness	noun	nœud	13
concreteness	noun	noir	44
concreteness	noun	noix	95
concreteness	noun	nombre	28
concreteness	noun	non	22
concreteness	noun	nord	28
concreteness	noun	norme	4
concreteness	noun	note	22
concreteness	noun	nôtre	5
concreteness	noun	nouille	64
concreteness	noun	nu	40
concreteness	noun	nuage	25
concreteness	noun	nuance	6
concreteness	noun	nuée	20
concreteness	noun	nuit	41
concreteness	noun	nul	4
concreteness	noun	nuque	96
concreteness	noun	nymphe	26
concreteness	noun	œil	44
concreteness	noun	œuf	51
concreteness	noun	offre	16
concreteness	noun	ogre	38
concreteness	noun	oie	85
concreteness	noun	oignon	94
concreteness	noun	oiseau	72
concreteness	noun	ombre	34
concreteness	noun	oncle	58
concreteness	noun	onde	21
concreteness	noun	ongle	64
concreteness	noun	or	63
concreteness	noun	orage	5
concreteness	noun	orange	76
concreteness	noun	ordre	14
concreteness	noun	oreille	97
concreteness	noun	oreiller	76
concreteness	noun	orge	72
concreteness	noun	orgue	44
concreteness	noun	ornithorynque	5
concreteness	noun	orteil	38
concreteness	noun	os	66
concreteness	noun	ouest	21
concreteness	noun	oui	12
concreteness	noun	ouïe	19
concreteness	noun	ours	65
concreteness	noun	pacte	9
concreteness	noun	page	39
concreteness	noun	paille	75
concreteness	noun	pain	79
concreteness	noun	pair	42
concreteness	noun	paix	7
concreteness	noun	palace	11
concreteness	noun	pale	26
concreteness	noun	palette	24
concreteness	noun	palme	61
concreteness	noun	palmier	51
concreteness	noun	pan	29
concreteness	noun	panda	76
concreteness	noun	panier	77
concreteness	noun	panne	39
concreteness	noun	pantalon	80
concreteness	noun	panthère	76
concreteness	noun	paon	83
concreteness	noun	pape	62
concreteness	noun	papillon	67
concreteness	noun	paquet	7
concreteness	noun	parabole	13
concreteness	noun	parachute	51
concreteness	noun	parapluie	97
concreteness	noun	parc	61
concreteness	noun	parchemin	21
concreteness	noun	part	30
concreteness	noun	partition	19
concreteness	noun	pas	27
concreteness	noun	passe	9
concreteness	noun	passoire	62
concreteness	noun	pastèque	94
concreteness	noun	patch	60
concreteness	noun	pâte	83
concreteness	noun	patte	83
concreteness	noun	paume	44
concreteness	noun	pause	14
concreteness	noun	pauvre	13
concreteness	noun	peau	67
concreteness	noun	pêche	39
concreteness	noun	pédale	31
concreteness	noun	peigne	82
concreteness	noun	peine	11
concreteness	noun	peintre	59
concreteness	noun	pélican	76
concreteness	noun	pelle	76
concreteness	noun	pelote	76
concreteness	noun	pendentif	44
concreteness	noun	pendule	44
concreteness	noun	pente	48
concreteness	noun	perceur	76
concreteness	noun	perche	78
concreteness	noun	père	62
concreteness	noun	perfusion	21
concreteness	noun	perle	76
concreteness	noun	perroquet	44
concreteness	noun	perruche	62
concreteness	noun	persil	51
concreteness	noun	perte	12
concreteness	noun	peste	27
concreteness	noun	pétard	19
concreteness	noun	petits-pois	96
concreteness	noun	peuple	39
concreteness	noun	peur	10
concreteness	noun	pharaon	4
concreteness	noun	phare	63
concreteness	noun	phase	15
concreteness	noun	phoque	68
concreteness	noun	phrase	31
concreteness	noun	piano	94
concreteness	noun	pic	54
concreteness	noun	pichet	76
concreteness	noun	pie	97
concreteness	noun	pièce	57
concreteness	noun	pied	74
concreteness	noun	piège	47
concreteness	noun	pierre	75
concreteness	noun	pieu	41
concreteness	noun	pieuvre	87
concreteness	noun	pige	23
concreteness	noun	pigeon	62
concreteness	noun	pile	59
concreteness	noun	piment	62
concreteness	noun	pin	73
concreteness	noun	pince	71
concreteness	noun	pinceau	88
concreteness	noun	pingouin	87
concreteness	noun	pioche	83
concreteness	noun	piolet	21
concreteness	noun	pion	48
concreteness	noun	pipe	94
concreteness	noun	pique	51
concreteness	noun	pire	4
concreteness	noun	piscine	44
concreteness	noun	piste	44
concreteness	noun	pistolet	88
concreteness	noun	pitre	29
concreteness	noun	placard	88
concreteness	noun	place	54
concreteness	noun	plage	75
concreteness	noun	plaie	62
concreteness	noun	plain	58
concreteness	noun	plainte	32
concreteness	noun	plan	22
concreteness	noun	planche	77
concreteness	noun	planète	6
concreteness	noun	planque	33
concreteness	noun	plant	52
concreteness	noun	plaque	65
concreteness	noun	plat	40
concreteness	noun	plâtre	72
concreteness	noun	plein	21
concreteness	noun	pleur	51
concreteness	noun	pli	51
concreteness	noun	plomb	59
concreteness	noun	plongeur	18
concreteness	noun	plot	70
concreteness	noun	pluie	58
concreteness	noun	plume	63
concreteness	noun	plus	8
concreteness	noun	pneu	90
concreteness	noun	poche	48
concreteness	noun	poêle	71
concreteness	noun	poids	22
concreteness	noun	poigne	37
concreteness	noun	poignée	9
concreteness	noun	poil	75
concreteness	noun	poing	54
concreteness	noun	point	30
concreteness	noun	pointe	49
concreteness	noun	poire	90
concreteness	noun	poireau	96
concreteness	noun	pois	45
concreteness	noun	poisse	12
concreteness	noun	poisson	72
concreteness	noun	poivre	72
concreteness	noun	poivron	86
concreteness	noun	pôle	23
concreteness	noun	pomme	94
concreteness	noun	pompe	42
concreteness	noun	pont	54
concreteness	noun	pop	21
concreteness	noun	porc	83
concreteness	noun	porche	68
concreteness	noun	port	72
concreteness	noun	porte	71
concreteness	noun	portefeuille	51
concreteness	noun	pose	14
concreteness	noun	poste	52
concreteness	noun	pot	51
concreteness	noun	poteau	34
concreteness	noun	potiron	98
concreteness	noun	poubelle	75
concreteness	noun	pouce	71
concreteness	noun	poudre	65
concreteness	noun	pouf	53
concreteness	noun	poule	91
concreteness	noun	poulet	94
concreteness	noun	poulpe	54
concreteness	noun	poumon	21
concreteness	noun	poupée	81
concreteness	noun	pourpre	41
concreteness	noun	pousse	37
concreteness	noun	poussin	62
concreteness	noun	poutre	92
concreteness	noun	pré	47
concreteness	noun	presse	49
concreteness	noun	prêt	20
concreteness	noun	prêtre	69
concreteness	noun	preuve	22
concreteness	noun	prime	33
concreteness	noun	prince	58
concreteness	noun	prise	28
concreteness	noun	prisme	46
concreteness	noun	prison	10
concreteness	noun	prix	34
concreteness	noun	pro	18
concreteness	noun	proche	32
concreteness	noun	proie	55
concreteness	noun	projecteur	38
concreteness	noun	propre	20
concreteness	noun	prune	89
concreteness	noun	psy	38
concreteness	noun	pub	40
concreteness	noun	puce	68
concreteness	noun	puits	56
concreteness	noun	pull	87
concreteness	noun	pull-over	88
concreteness	noun	pulpe	65
concreteness	noun	punaise	34
concreteness	noun	punch	51
concreteness	noun	pur	5
concreteness	noun	purge	36
concreteness	noun	putois	85
concreteness	noun	puzzle	65
concreteness	noun	pyramide	21
concreteness	noun	quai	73
concreteness	noun	quart	34
concreteness	noun	quartz	54
concreteness	noun	quête	19
concreteness	noun	queue	67
concreteness	noun	quiche	80
concreteness	noun	quille	55
concreteness	noun	quiz	37
concreteness	noun	rabot	28
concreteness	noun	race	24
concreteness	noun	radeau	38
concreteness	noun	radis	76
concreteness	noun	rafle	36
concreteness	noun	rage	22
concreteness	noun	raid	43
concreteness	noun	raie	56
concreteness	noun	rail	73
concreteness	noun	raisin	88
concreteness	noun	râle	26
concreteness	noun	rame	44
concreteness	noun	rampe	67
concreteness	noun	ranch	73
concreteness	noun	rang	22
concreteness	noun	rap	21
concreteness	noun	râpe	70
concreteness	noun	ras	22
concreteness	noun	rasoir	88
concreteness	noun	rat	68
concreteness	noun	râteau	62
concreteness	noun	réfrigérateur	94
concreteness	noun	règle	30
concreteness	noun	règne	26
concreteness	noun	rein	64
concreteness	noun	reine	29
concreteness	noun	renard	92
concreteness	noun	rêne	62
concreteness	noun	renne	63
concreteness	noun	requin	76
concreteness	noun	reste	19
concreteness	noun	rétroprojecteur	62
concreteness	noun	rêve	16
concreteness	noun	réverbère	76
concreteness	noun	revolver	82
concreteness	noun	rhinocéros	75
concreteness	noun	rhum	80
concreteness	noun	rhume	46
concreteness	noun	riche	17
concreteness	noun	ride	72
concreteness	noun	rien	1
concreteness	noun	rieur	34
concreteness	noun	rime	28
concreteness	noun	ring	63
concreteness	noun	rire	44
concreteness	noun	risque	13
concreteness	noun	rive	57
concreteness	noun	riz	80
concreteness	noun	robe	94
concreteness	noun	robinet	44
concreteness	noun	robot	28
concreteness	noun	roc	55
concreteness	noun	roche	69
concreteness	noun	rock	37
concreteness	noun	roi	51
concreteness	noun	rôle	9
concreteness	noun	rond	43
concreteness	noun	rose	81
concreteness	noun	roue	62
concreteness	noun	roué	24
concreteness	noun	rouet	27
concreteness	noun	rouge	36
concreteness	noun	rouille	59
concreteness	noun	route	40
concreteness	noun	roux	55
concreteness	noun	ruban	38
concreteness	noun	ruche	68
concreteness	noun	rue	72
concreteness	noun	ruée	17
concreteness	noun	ruelle	66
concreteness	noun	ruine	50
concreteness	noun	ruse	9
concreteness	noun	rustre	14
concreteness	noun	rythme	25
concreteness	noun	sable	81
concreteness	noun	sablier	38
concreteness	noun	sabot	88
concreteness	noun	sabre	73
concreteness	noun	sac	66
concreteness	noun	sacoche	34
concreteness	noun	sacre	25
concreteness	noun	sage	7
concreteness	noun	saint	3
concreteness	noun	salade	51
concreteness	noun	sale	29
concreteness	noun	salière	81
concreteness	noun	salle	64
concreteness	noun	sandwich	86
concreteness	noun	sang	38
concreteness	noun	sangle	73
concreteness	noun	sanglier	76
concreteness	noun	sapin	62
concreteness	noun	satellite	15
concreteness	noun	sauce	66
concreteness	noun	saut	41
concreteness	noun	sauterelle	93
concreteness	noun	saxophone	96
concreteness	noun	scalp	61
concreteness	noun	scaphandrier	36
concreteness	noun	scarabée	69
concreteness	noun	sceau	64
concreteness	noun	scène	56
concreteness	noun	sceptre	59
concreteness	noun	scie	86
concreteness	noun	science	15
concreteness	noun	sciure	69
concreteness	noun	scoop	20
concreteness	noun	score	37
concreteness	noun	scorpion	51
concreteness	noun	scotch	85
concreteness	noun	scribe	38
concreteness	noun	script	47
concreteness	noun	seau	77
concreteness	noun	sec	24
concreteness	noun	secte	20
concreteness	noun	seigle	56
concreteness	noun	sein	54
concreteness	noun	sel	70
concreteness	noun	self	29
concreteness	noun	selle	57
concreteness	noun	sens	9
concreteness	noun	sept	23
concreteness	noun	serf	55
concreteness	noun	seringue	96
concreteness	noun	serpe	17
concreteness	noun	serpent	81
concreteness	noun	serre	45
concreteness	noun	serviette	76
concreteness	noun	set	44
concreteness	noun	seuil	34
concreteness	noun	seul	26
concreteness	noun	sève	62
concreteness	noun	sexe	51
concreteness	noun	short	80
concreteness	noun	show	32
concreteness	noun	si	0
concreteness	noun	siècle	24
concreteness	noun	siège	83
concreteness	noun	sien	3
concreteness	noun	sieste	46
concreteness	noun	sifflet	68
concreteness	noun	sigle	47
concreteness	noun	signe	12
concreteness	noun	simple	14
concreteness	noun	singe	88
concreteness	noun	sirène	2
concreteness	noun	site	52
concreteness	noun	skate	80
concreteness	noun	sketch	33
concreteness	noun	ski	50
concreteness	noun	skieur	81
concreteness	noun	slave	29
concreteness	noun	slip	94
concreteness	noun	slow	39
concreteness	noun	snack	61
concreteness	noun	snob	14
concreteness	noun	socle	61
concreteness	noun	soie	67
concreteness	noun	soif	27
concreteness	noun	soin	34
concreteness	noun	soir	33
concreteness	noun	sol	75
concreteness	noun	soldat	24
concreteness	noun	solde	25
concreteness	noun	sole	44
concreteness	noun	soleil	35
concreteness	noun	sombre	23
concreteness	noun	sombrero	51
concreteness	noun	somme	29
concreteness	noun	son	25
concreteness	noun	sonde	66
concreteness	noun	songe	5
concreteness	noun	sorcier	4
concreteness	noun	sort	9
concreteness	noun	sorte	7
concreteness	noun	sot	18
concreteness	noun	sou	38
concreteness	noun	souche	60
concreteness	noun	soude	44
concreteness	noun	souffle	40
concreteness	noun	soufre	35
concreteness	noun	souk	39
concreteness	noun	soupe	71
concreteness	noun	source	44
concreteness	noun	sourd	43
concreteness	noun	souris	78
concreteness	noun	spaghetti	76
concreteness	noun	sparadrap	76
concreteness	noun	spasme	45
concreteness	noun	spatule	51
concreteness	noun	spectre	11
concreteness	noun	sphère	45
concreteness	noun	sphinx	30
concreteness	noun	sport	47
concreteness	noun	spot	57
concreteness	noun	spray	59
concreteness	noun	sprint	41
concreteness	noun	squash	52
concreteness	noun	squelette	44
concreteness	noun	stade	61
concreteness	noun	stage	43
concreteness	noun	stand	55
concreteness	noun	star	32
concreteness	noun	statue	44
concreteness	noun	steak	94
concreteness	noun	stéthoscope	56
concreteness	noun	stock	41
concreteness	noun	stop	39
concreteness	noun	stress	21
concreteness	noun	stretch	37
concreteness	noun	string	96
concreteness	noun	style	5
concreteness	noun	stylo	97
concreteness	noun	su	7
concreteness	noun	sucre	87
concreteness	noun	sud	21
concreteness	noun	suée	55
concreteness	noun	sueur	58
concreteness	noun	suite	26
concreteness	noun	sumo	11
concreteness	noun	surf	67
concreteness	noun	table	93
concreteness	noun	tableau	28
concreteness	noun	tabouret	91
concreteness	noun	tache	56
concreteness	noun	tâche	49
concreteness	noun	tacle	45
concreteness	noun	tact	15
concreteness	noun	tag	57
concreteness	noun	taille	34
concreteness	noun	talon	31
concreteness	noun	tam-tam	51
concreteness	noun	tambour	97
concreteness	noun	tambourin	88
concreteness	noun	tampon	31
concreteness	noun	tank	44
concreteness	noun	tante	73
concreteness	noun	tape	38
concreteness	noun	tapis	88
concreteness	noun	tarte	73
concreteness	noun	tartine	51
concreteness	noun	tas	52
concreteness	noun	tasse	81
concreteness	noun	tatou	8
concreteness	noun	taupe	80
concreteness	noun	taux	13
concreteness	noun	taxe	28
concreteness	noun	teigne	24
concreteness	noun	teint	38
concreteness	noun	téléphone	69
concreteness	noun	télescope	76
concreteness	noun	télévision	65
concreteness	noun	temple	64
concreteness	noun	temps	4
concreteness	noun	tente	85
concreteness	noun	terme	12
concreteness	noun	terre	76
concreteness	noun	test	41
concreteness	noun	tête	77
concreteness	noun	tétine	96
concreteness	noun	texte	46
concreteness	noun	thé	63
concreteness	noun	thème	6
concreteness	noun	thermes	48
concreteness	noun	thermomètre	51
concreteness	noun	thermos	34
concreteness	noun	thèse	28
concreteness	noun	thon	83
concreteness	noun	thym	76
concreteness	noun	tic	20
concreteness	noun	ticket	44
concreteness	noun	tiède	18
concreteness	noun	tien	3
concreteness	noun	tiers	18
concreteness	noun	tige	69
concreteness	noun	tigre	76
concreteness	noun	timbre	67
concreteness	noun	tique	75
concreteness	noun	tir	40
concreteness	noun	tirelire	88
concreteness	noun	tiroir	44
concreteness	noun	titre	31
concreteness	noun	toast	68
concreteness	noun	toc	11
concreteness	noun	toile	72
concreteness	noun	toilette	6
concreteness	noun	toit	78
concreteness	noun	tôle	70
concreteness	noun	tomate	92
concreteness	noun	tombe	38
concreteness	noun	tome	54
concreteness	noun	ton	4
concreteness	noun	tondeur	76
concreteness	noun	tong	75
concreteness	noun	tonne	28
concreteness	noun	tonneau	94
concreteness	noun	top	12
concreteness	noun	toque	31
concreteness	noun	torche	54
concreteness	noun	torchon	76
concreteness	noun	tort	15
concreteness	noun	tortue	87
concreteness	noun	totem	9
concreteness	noun	toucan	18
concreteness	noun	touche	33
concreteness	noun	touffe	54
concreteness	noun	toupie	75
concreteness	noun	tourne-disque	68
concreteness	noun	tournevis	91
concreteness	noun	tourte	73
concreteness	noun	tout	8
concreteness	noun	toux	48
concreteness	noun	trac	12
concreteness	noun	trace	43
concreteness	noun	tract	46
concreteness	noun	tracteur	76
concreteness	noun	tractopelle	34
concreteness	noun	train	90
concreteness	noun	traîne	39
concreteness	noun	trait	47
concreteness	noun	traite	31
concreteness	noun	traître	21
concreteness	noun	trame	26
concreteness	noun	tranche	56
concreteness	noun	transe	11
concreteness	noun	transistor	34
concreteness	noun	trappe	62
concreteness	noun	traque	28
concreteness	noun	trèfle	51
concreteness	noun	trésor	4
concreteness	noun	tresse	70
concreteness	noun	trêve	17
concreteness	noun	tri	25
concreteness	noun	triche	23
concreteness	noun	tricot	51
concreteness	noun	tringle	67
concreteness	noun	triple	30
concreteness	noun	triste	11
concreteness	noun	troc	22
concreteness	noun	trombone	51
concreteness	noun	trompe	51
concreteness	noun	trompette	92
concreteness	noun	tronc	58
concreteness	noun	trône	42
concreteness	noun	trot	39
concreteness	noun	trotte	28
concreteness	noun	trou	62
concreteness	noun	trouble	15
concreteness	noun	trouille	5
concreteness	noun	troupe	49
concreteness	noun	trousse	83
concreteness	noun	truc	10
concreteness	noun	truelle	62
concreteness	noun	truffe	79
concreteness	noun	truie	73
concreteness	noun	truite	90
concreteness	noun	tuba	62
concreteness	noun	tube	38
concreteness	noun	tueur	55
concreteness	noun	tuile	71
concreteness	noun	tunnel	15
concreteness	noun	turc	43
concreteness	noun	tuyau	88
concreteness	noun	type	25
concreteness	noun	un	21
concreteness	noun	urne	52
concreteness	noun	usine	38
concreteness	noun	vache	91
concreteness	noun	vague	62
concreteness	noun	valise	65
concreteness	noun	valse	54
concreteness	noun	valve	59
concreteness	noun	vanne	46
concreteness	noun	vase	84
concreteness	noun	vasque	71
concreteness	noun	vautour	62
concreteness	noun	veau	94
concreteness	noun	veille	23
concreteness	noun	veine	68
concreteness	noun	vélo	93
concreteness	noun	vent	36
concreteness	noun	vente	30
concreteness	noun	ventilateur	88
concreteness	noun	ventre	68
concreteness	noun	ver	51
concreteness	noun	verbe	16
concreteness	noun	verre	60
concreteness	noun	verrou	38
concreteness	noun	vers	22
concreteness	noun	vert	40
concreteness	noun	veste	83
concreteness	noun	veuf	50
concreteness	noun	viande	72
concreteness	noun	vice	9
concreteness	noun	vide	15
concreteness	noun	vie	26
concreteness	noun	vierge	23
concreteness	noun	vieux	29
concreteness	noun	vigne	77
concreteness	noun	ville	29
concreteness	noun	vin	79
concreteness	noun	viol	54
concreteness	noun	viole	41
concreteness	noun	violon	94
concreteness	noun	vis	60
concreteness	noun	vitre	79
concreteness	noun	vive	12
concreteness	noun	vivre	23
concreteness	noun	vogue	12
concreteness	noun	voie	41
concreteness	noun	voile	49
concreteness	noun	voilier	56
concreteness	noun	voiture	91
concreteness	noun	voix	48
concreteness	noun	vol	37
concreteness	noun	volant	21
concreteness	noun	volcan	18
concreteness	noun	volt	33
concreteness	noun	vote	40
concreteness	noun	voûte	55
concreteness	noun	vrac	20
concreteness	noun	vu	19
concreteness	noun	wagon	38
concreteness	noun	yo-yo	51
concreteness	noun	zèbre	88
concreteness	noun	zèle	2
concreteness	noun	zen	12
concreteness	noun	zinc	52
concreteness	noun	zone	18
concreteness	noun	zoom	38
valence	adjective	abandonner	26
valence	adjective	abasourdir	45
valence	adjective	abattre	19
valence	adjective	abject	4
valence	adjective	abrutir	9
valence	adjective	absurde	53
valence	adjective	abuser	5
valence	adjective	accabler	9
valence	adjective	accueillant	88
valence	adjective	acculer	17
valence	adjective	accusateur	33
valence	adjective	accuser	11
valence	adjective	acerbe	35
valence	adjective	acharner	57
valence	adjective	âcre	19
valence	adjective	actif	88
valence	adjective	admirable	99
valence	adjective	admiratif	86
valence	adjective	adopter	86
valence	adjective	adorable	99
valence	adjective	adroit	88
valence	adjective	affecter	53
valence	adjective	affectueux	99
valence	adjective	affirmatif	73
valence	adjective	affliger	32
valence	adjective	affoler	15
valence	adjective	affriolant	64
valence	adjective	agaçant	38
valence	adjective	agacer	21
valence	adjective	agile	88
valence	adjective	agiter	51
valence	adjective	agonisant	10
valence	adjective	agréable	94
valence	adjective	agressif	0
valence	adjective	aguicheur	49
valence	adjective	ahurir	49
valence	adjective	ahurissant	52
valence	adjective	aigrir	31
valence	adjective	aigu	26
valence	adjective	aimable	86
valence	adjective	aimant	99
valence	adjective	aîné	77
valence	adjective	aisé	76
valence	adjective	aliéner	10
valence	adjective	aligner	53
valence	adjective	altruiste	80
valence	adjective	amaigrir	48
valence	adjective	ambitieux	79
valence	adjective	amical	93
valence	adjective	aminé	71
valence	adjective	amoureux	99
valence	adjective	amputer	1
valence	adjective	amusant	96
valence	adjective	amuser	91
valence	adjective	angoissant	18
valence	adjective	angoisser	18
valence	adjective	animer	85
valence	adjective	antipathique	18
valence	adjective	anxieux	13
valence	adjective	apaiser	93
valence	adjective	apathique	21
valence	adjective	apeurer	42
valence	adjective	appliquer	77
valence	adjective	aqueux	44
valence	adjective	argenter	87
valence	adjective	arrogant	11
valence	adjective	asocial	10
valence	adjective	assagir	71
valence	adjective	assidu	71
valence	adjective	assommant	25
valence	adjective	astral	75
valence	adjective	astucieux	90
valence	adjective	atroce	0
valence	adjective	attachant	87
valence	adjective	attentif	96
valence	adjective	attentionné	97
valence	adjective	attirant	94
valence	adjective	attristant	34
valence	adjective	attrister	15
valence	adjective	audacieux	88
valence	adjective	austère	52
valence	adjective	autonome	79
valence	adjective	autoritaire	43
valence	adjective	avachir	34
valence	adjective	avare	4
valence	adjective	avenant	73
valence	adjective	aventurier	73
valence	adjective	avide	13
valence	adjective	aviser	69
valence	adjective	bagarreur	22
valence	adjective	balte	66
valence	adjective	banal	59
valence	adjective	barbant	50
valence	adjective	bavard	52
valence	adjective	béant	22
valence	adjective	béat	67
valence	adjective	beau	98
valence	adjective	bègue	24
valence	adjective	bêlant	41
valence	adjective	belge	56
valence	adjective	belliqueux	12
valence	adjective	bénévole	89
valence	adjective	bête	37
valence	adjective	bienfaisant	91
valence	adjective	bienheureux	93
valence	adjective	bienveillant	89
valence	adjective	blafard	36
valence	adjective	blagueur	73
valence	adjective	blâmable	37
valence	adjective	blanc	84
valence	adjective	blaser	35
valence	adjective	blessant	20
valence	adjective	blesser	33
valence	adjective	boiser	94
valence	adjective	bomber	58
valence	adjective	borner	15
valence	adjective	bosseur	85
valence	adjective	bossu	23
valence	adjective	boudeur	42
valence	adjective	boueux	22
valence	adjective	bougon	36
valence	adjective	bouleverser	36
valence	adjective	bourru	31
valence	adjective	bref	49
valence	adjective	brillant	92
valence	adjective	briser	8
valence	adjective	brutal	8
valence	adjective	buriner	46
valence	adjective	buter	31
valence	adjective	cafardeux	9
valence	adjective	calculateur	39
valence	adjective	câlin	94
valence	adjective	calme	97
valence	adjective	camper	59
valence	adjective	capable	93
valence	adjective	capricieux	29
valence	adjective	captivant	96
valence	adjective	caractériel	43
valence	adjective	casquer	37
valence	adjective	casser	14
valence	adjective	cavaleur	47
valence	adjective	chagriner	27
valence	adjective	chaleureux	98
valence	adjective	chanceux	92
valence	adjective	charitable	88
valence	adjective	charmant	98
valence	adjective	charmer	88
valence	adjective	charnu	59
valence	adjective	chauvin	33
valence	adjective	chétif	36
valence	adjective	chic	88
valence	adjective	chlorer	23
valence	adjective	choquant	20
valence	adjective	choquer	27
valence	adjective	cirer	55
valence	adjective	citer	46
valence	adjective	clairvoyant	79
valence	adjective	clément	77
valence	adjective	clore	32
valence	adjective	coincer	26
valence	adjective	coléreux	34
valence	adjective	colérique	8
valence	adjective	collant	32
valence	adjective	colorer	98
valence	adjective	combatif	80
valence	adjective	combattant	73
valence	adjective	comique	87
valence	adjective	compatissant	82
valence	adjective	compétent	93
valence	adjective	compétitif	71
valence	adjective	complaisant	61
valence	adjective	complexer	29
valence	adjective	compliquer	29
valence	adjective	compréhensif	87
valence	adjective	concevoir	87
valence	adjective	conciliant	77
valence	adjective	concis	69
valence	adjective	condamner	9
valence	adjective	confiant	90
valence	adjective	confus	40
valence	adjective	conique	55
valence	adjective	connaître	74
valence	adjective	conquérant	64
valence	adjective	consensuel	78
valence	adjective	consternant	44
valence	adjective	consterner	42
valence	adjective	contemplatif	75
valence	adjective	content	93
valence	adjective	contrarier	37
valence	adjective	convaincant	72
valence	adjective	convaincre	74
valence	adjective	coquet	69
valence	adjective	coquin	68
valence	adjective	cordial	83
valence	adjective	corner	36
valence	adjective	corrompre	2
valence	adjective	corruptible	23
valence	adjective	cossu	72
valence	adjective	costal	45
valence	adjective	côtier	87
valence	adjective	coupable	5
valence	adjective	courageux	98
valence	adjective	courtois	75
valence	adjective	craintif	43
valence	adjective	créatif	90
valence	adjective	crédule	50
valence	adjective	crème	93
valence	adjective	crépu	38
valence	adjective	creux	28
valence	adjective	criant	19
valence	adjective	cruel	5
valence	adjective	cultiver	88
valence	adjective	cupide	11
valence	adjective	curieux	82
valence	adjective	cynique	18
valence	adjective	damasser	50
valence	adjective	dangereux	21
valence	adjective	débrouillard	78
valence	adjective	décaler	67
valence	adjective	décent	68
valence	adjective	décevant	17
valence	adjective	décevoir	17
valence	adjective	déchaîner	61
valence	adjective	déchoir	12
valence	adjective	décider	74
valence	adjective	déconcerter	38
valence	adjective	déconfire	42
valence	adjective	décontenancer	47
valence	adjective	décontracter	77
valence	adjective	décourager	18
valence	adjective	décrier	20
valence	adjective	dédaigneux	40
valence	adjective	défaire	10
valence	adjective	défaitiste	22
valence	adjective	défiant	42
valence	adjective	dégourdir	74
valence	adjective	dégoûter	5
valence	adjective	dégradant	1
valence	adjective	dégrader	17
valence	adjective	déguiser	86
valence	adjective	délaisser	18
valence	adjective	délassant	66
valence	adjective	délicat	91
valence	adjective	déloyal	9
valence	adjective	déluré	59
valence	adjective	dément	24
valence	adjective	démonstratif	72
valence	adjective	démunir	13
valence	adjective	dénigrer	25
valence	adjective	dépensier	38
valence	adjective	dépiter	40
valence	adjective	déplaisant	46
valence	adjective	dépolir	39
valence	adjective	dépraver	20
valence	adjective	dépressif	19
valence	adjective	déprimant	10
valence	adjective	déprimer	5
valence	adjective	déranger	18
valence	adjective	dérober	19
valence	adjective	désabuser	24
valence	adjective	désagréable	9
valence	adjective	désarmant	54
valence	adjective	désarmer	46
valence	adjective	désemparer	26
valence	adjective	désespérant	11
valence	adjective	désespérer	3
valence	adjective	désinvolte	57
valence	adjective	désirable	84
valence	adjective	désireux	70
valence	adjective	désobligeant	25
valence	adjective	désolant	15
valence	adjective	désoler	48
valence	adjective	désopilant	64
valence	adjective	désordonner	31
valence	adjective	despotique	17
valence	adjective	désunir	7
valence	adjective	détendre	92
valence	adjective	déterminer	81
valence	adjective	détestable	8
valence	adjective	détester	2
valence	adjective	dévergonder	56
valence	adjective	déviant	28
valence	adjective	dévouer	92
valence	adjective	dictatorial	2
valence	adjective	direct	67
valence	adjective	discal	31
valence	adjective	discipliner	69
valence	adjective	discret	69
valence	adjective	disponible	91
valence	adjective	dissiper	46
valence	adjective	distant	44
valence	adjective	distinguer	75
valence	adjective	distraire	50
valence	adjective	diurne	71
valence	adjective	divin	93
valence	adjective	docile	56
valence	adjective	dominant	56
valence	adjective	dominateur	23
valence	adjective	dompter	39
valence	adjective	douillet	65
valence	adjective	doux	99
valence	adjective	droguer	4
valence	adjective	dupe	17
valence	adjective	dur	29
valence	adjective	duveter	82
valence	adjective	dynamique	89
valence	adjective	ébahir	63
valence	adjective	éblouir	85
valence	adjective	éblouissant	91
valence	adjective	écervelé	43
valence	adjective	économe	65
valence	adjective	effarer	53
valence	adjective	effaroucher	53
valence	adjective	efficace	83
valence	adjective	effondrer	6
valence	adjective	effrayant	6
valence	adjective	effrayer	24
valence	adjective	effronté	47
valence	adjective	effroyable	4
valence	adjective	égarer	17
valence	adjective	égocentrique	35
valence	adjective	égoïste	10
valence	adjective	élégant	98
valence	adjective	émailler	42
valence	adjective	embarrassé	56
valence	adjective	embêtant	50
valence	adjective	émergé	79
valence	adjective	émotif	63
valence	adjective	émoustillant	78
valence	adjective	émouvant	78
valence	adjective	émouvoir	79
valence	adjective	emplir	77
valence	adjective	emporter	57
valence	adjective	empoté	29
valence	adjective	empresser	54
valence	adjective	emprunter	48
valence	adjective	enclin	82
valence	adjective	endeuiller	3
valence	adjective	endormir	57
valence	adjective	endurcir	58
valence	adjective	énergique	87
valence	adjective	énervant	37
valence	adjective	énerver	23
valence	adjective	énigmatique	61
valence	adjective	enjouer	87
valence	adjective	ennuyant	24
valence	adjective	ennuyer	31
valence	adjective	ennuyeux	21
valence	adjective	enrageant	16
valence	adjective	enrouer	23
valence	adjective	entacher	28
valence	adjective	enterrer	2
valence	adjective	entêter	40
valence	adjective	enthousiaste	92
valence	adjective	entier	67
valence	adjective	entraînant	74
valence	adjective	entreprenant	80
valence	adjective	envahissant	37
valence	adjective	envieux	13
valence	adjective	envoûtant	68
valence	adjective	envoûter	53
valence	adjective	épanouir	100
valence	adjective	épars	40
valence	adjective	épatant	79
valence	adjective	épater	69
valence	adjective	épicurien	74
valence	adjective	épique	91
valence	adjective	épouvantable	19
valence	adjective	épouvanter	9
valence	adjective	éprendre	75
valence	adjective	éprouvant	43
valence	adjective	éprouver	50
valence	adjective	épuisant	39
valence	adjective	épuiser	29
valence	adjective	équiper	76
valence	adjective	érailler	27
valence	adjective	éreintant	28
valence	adjective	éreinter	27
valence	adjective	espiègle	63
valence	adjective	esseulé	20
valence	adjective	estomaquer	31
valence	adjective	étique	91
valence	adjective	étonnant	67
valence	adjective	étonner	63
valence	adjective	étouffant	21
valence	adjective	étouffer	13
valence	adjective	étourdir	59
valence	adjective	euphorique	73
valence	adjective	évader	67
valence	adjective	évanouir	16
valence	adjective	évaser	59
valence	adjective	évasif	64
valence	adjective	éveiller	94
valence	adjective	exaltant	76
valence	adjective	exalter	66
valence	adjective	exaspérant	8
valence	adjective	exaspérer	14
valence	adjective	excéder	42
valence	adjective	excellent	100
valence	adjective	excentrique	62
valence	adjective	exceptionnel	94
valence	adjective	excessif	40
valence	adjective	excitant	81
valence	adjective	exciter	66
valence	adjective	exclure	9
valence	adjective	exclusif	56
valence	adjective	exécrable	4
valence	adjective	exigeant	55
valence	adjective	exiler	43
valence	adjective	exploiter	16
valence	adjective	extasier	82
valence	adjective	exténué	11
valence	adjective	extravagant	60
valence	adjective	extraverti	68
valence	adjective	extrémiste	23
valence	adjective	exubérant	60
valence	adjective	facétieux	59
valence	adjective	fâcher	35
valence	adjective	fade	18
valence	adjective	failli	23
valence	adjective	fainéant	16
valence	adjective	fanatique	36
valence	adjective	fanfaron	58
valence	adjective	fantasque	62
valence	adjective	farceur	82
valence	adjective	farfelu	60
valence	adjective	fascinant	85
valence	adjective	fatal	9
valence	adjective	fatigant	24
valence	adjective	fatiguer	51
valence	adjective	faucher	24
valence	adjective	fautif	12
valence	adjective	fauve	81
valence	adjective	fébrile	27
valence	adjective	fécal	19
valence	adjective	fêler	22
valence	adjective	fendre	36
valence	adjective	fermer	19
valence	adjective	féroce	18
valence	adjective	festif	99
valence	adjective	fétide	7
valence	adjective	fictif	59
valence	adjective	fidèle	93
valence	adjective	fier	78
valence	adjective	figer	25
valence	adjective	fiscal	15
valence	adjective	fixer	51
valence	adjective	flâneur	66
valence	adjective	flatteur	71
valence	adjective	flécher	61
valence	adjective	flegmatique	53
valence	adjective	floral	97
valence	adjective	fonceur	81
valence	adjective	fonder	71
valence	adjective	forcené	24
valence	adjective	forcer	6
valence	adjective	former	75
valence	adjective	formidable	99
valence	adjective	fort	84
valence	adjective	fougueux	65
valence	adjective	fournir	70
valence	adjective	fragile	53
valence	adjective	fraternel	85
valence	adjective	frêle	27
valence	adjective	frénétique	49
valence	adjective	frileux	37
valence	adjective	friper	21
valence	adjective	friser	62
valence	adjective	frivole	49
valence	adjective	froussard	47
valence	adjective	frustrer	13
valence	adjective	fugitif	31
valence	adjective	fugueur	30
valence	adjective	fumer	25
valence	adjective	furibond	26
valence	adjective	furieux	6
valence	adjective	fusionnel	72
valence	adjective	futé	84
valence	adjective	gai	92
valence	adjective	galant	83
valence	adjective	garder	71
valence	adjective	gâteux	14
valence	adjective	géant	74
valence	adjective	gênant	26
valence	adjective	gêner	50
valence	adjective	généreux	96
valence	adjective	gentil	86
valence	adjective	germé	84
valence	adjective	gitan	38
valence	adjective	givrer	37
valence	adjective	glacial	8
valence	adjective	global	62
valence	adjective	gluant	14
valence	adjective	gracieux	81
valence	adjective	grave	18
valence	adjective	grêle	26
valence	adjective	grincheux	33
valence	adjective	grisant	64
valence	adjective	griser	63
valence	adjective	grivois	52
valence	adjective	grognon	32
valence	adjective	gros	18
valence	adjective	grossier	12
valence	adjective	guinder	31
valence	adjective	habile	87
valence	adjective	hagard	15
valence	adjective	haineux	1
valence	adjective	harasser	17
valence	adjective	harcelant	8
valence	adjective	hardi	79
valence	adjective	hargneux	16
valence	adjective	hautain	40
valence	adjective	hébéter	48
valence	adjective	héroïque	97
valence	adjective	hésitant	44
valence	adjective	heureux	99
valence	adjective	hilare	70
valence	adjective	honnête	85
valence	adjective	honorable	77
valence	adjective	honteux	37
valence	adjective	horrible	6
valence	adjective	horrifiant	0
valence	adjective	horrifier	2
valence	adjective	horripilant	33
valence	adjective	hostile	3
valence	adjective	humain	96
valence	adjective	humble	91
valence	adjective	humiliant	3
valence	adjective	humilier	2
valence	adjective	hyperactif	56
valence	adjective	hypocrite	3
valence	adjective	hystérique	18
valence	adjective	idiot	12
valence	adjective	ignare	6
valence	adjective	ignoble	8
valence	adjective	ignorant	16
valence	adjective	immoral	7
valence	adjective	imparfait	56
valence	adjective	impartial	62
valence	adjective	impassible	48
valence	adjective	impatient	53
valence	adjective	impertinent	39
valence	adjective	impétueux	59
valence	adjective	impitoyable	1
valence	adjective	impoli	5
valence	adjective	imposant	59
valence	adjective	impotent	33
valence	adjective	imprudent	51
valence	adjective	impuissant	27
valence	adjective	impulsif	53
valence	adjective	impuni	41
valence	adjective	impur	12
valence	adjective	inabordable	29
valence	adjective	inactif	21
valence	adjective	inamical	16
valence	adjective	inanimé	44
valence	adjective	inattentif	42
valence	adjective	incapable	38
valence	adjective	incertain	50
valence	adjective	incohérent	40
valence	adjective	incompétent	24
valence	adjective	incompris	25
valence	adjective	inconscient	49
valence	adjective	inconsolable	14
valence	adjective	inconsolé	40
valence	adjective	inculte	13
valence	adjective	indécent	14
valence	adjective	indécis	52
valence	adjective	indélicat	14
valence	adjective	indépendant	80
valence	adjective	indifférent	46
valence	adjective	indigne	8
valence	adjective	indigner	25
valence	adjective	indiscret	46
valence	adjective	indisposer	28
valence	adjective	indulgent	76
valence	adjective	inélégant	32
valence	adjective	inepte	29
valence	adjective	inerte	26
valence	adjective	inexpressif	44
valence	adjective	infaillible	75
valence	adjective	infect	5
valence	adjective	infecter	1
valence	adjective	infidèle	6
valence	adjective	inflexible	54
valence	adjective	influençable	44
valence	adjective	influent	69
valence	adjective	ingénieux	96
valence	adjective	ingrat	5
valence	adjective	inhiber	35
valence	adjective	inhumain	0
valence	adjective	injecter	25
valence	adjective	innocent	79
valence	adjective	inoffensif	68
valence	adjective	inquiet	46
valence	adjective	inquiétant	35
valence	adjective	insatisfait	21
valence	adjective	insensé	29
valence	adjective	insensible	15
valence	adjective	insigne	47
valence	adjective	insistant	52
valence	adjective	insociable	30
valence	adjective	insolent	7
valence	adjective	insouciant	65
valence	adjective	inspirer	95
valence	adjective	instable	42
valence	adjective	instruire	93
valence	adjective	intact	89
valence	adjective	intelligent	100
valence	adjective	intentionné	81
valence	adjective	intéressant	82
valence	adjective	intéresser	71
valence	adjective	intimidant	43
valence	adjective	intolérant	5
valence	adjective	intrépide	74
valence	adjective	intriguer	65
valence	adjective	introverti	57
valence	adjective	intuitif	92
valence	adjective	inventif	98
valence	adjective	inviter	96
valence	adjective	invulnérable	68
valence	adjective	irascible	8
valence	adjective	ironique	61
valence	adjective	irraisonné	21
valence	adjective	irréaliste	47
valence	adjective	irréfléchi	30
valence	adjective	irritable	28
valence	adjective	irriter	19
valence	adjective	isoler	27
valence	adjective	issir	89
valence	adjective	ivre	16
valence	adjective	jaloux	25
valence	adjective	jeune	89
valence	adjective	joli	98
valence	adjective	jovial	95
valence	adjective	joyeux	98
valence	adjective	jubilant	82
valence	adjective	labile	41
valence	adjective	lâche	3
valence	adjective	laïc	87
valence	adjective	lamentable	2
valence	adjective	larguer	4
valence	adjective	larmoyant	41
valence	adjective	las	19
valence	adjective	lassant	41
valence	adjective	légal	82
valence	adjective	léger	66
valence	adjective	liant	73
valence	adjective	libérer	91
valence	adjective	libertin	72
valence	adjective	libidineux	59
valence	adjective	licite	79
valence	adjective	livide	21
valence	adjective	loquace	62
valence	adjective	lourd	17
valence	adjective	loyal	90
valence	adjective	lucide	95
valence	adjective	lugubre	4
valence	adjective	lymphatique	31
valence	adjective	magnanime	67
valence	adjective	magnifique	97
valence	adjective	malade	14
valence	adjective	maladif	11
valence	adjective	maladroit	41
valence	adjective	malchanceux	36
valence	adjective	malfaisant	2
valence	adjective	malhabile	45
valence	adjective	malheureux	6
valence	adjective	malhonnête	3
valence	adjective	malicieux	65
valence	adjective	malin	70
valence	adjective	malpoli	9
valence	adjective	malveillant	1
valence	adjective	maniaque	44
valence	adjective	maniérer	29
valence	adjective	marginal	54
valence	adjective	marrant	92
valence	adjective	martyr	5
valence	adjective	massif	56
valence	adjective	maternel	78
valence	adjective	maudire	2
valence	adjective	maussade	26
valence	adjective	mauvais	8
valence	adjective	méchant	4
valence	adjective	mécontent	28
valence	adjective	médisant	7
valence	adjective	méfiant	25
valence	adjective	mégalo	21
valence	adjective	mélancolique	46
valence	adjective	menaçant	30
valence	adjective	menacer	13
valence	adjective	menteur	11
valence	adjective	menu	67
valence	adjective	méprisable	7
valence	adjective	méprisant	2
valence	adjective	méritant	86
valence	adjective	merveilleux	100
valence	adjective	mesquin	13
valence	adjective	méthodique	82
valence	adjective	méticuleux	68
valence	adjective	mielleux	50
valence	adjective	mignon	95
valence	adjective	militant	66
valence	adjective	minutieux	77
valence	adjective	misérable	27
valence	adjective	modérer	64
valence	adjective	modeste	70
valence	adjective	mondain	54
valence	adjective	moqueur	54
valence	adjective	morose	39
valence	adjective	motivant	80
valence	adjective	motiver	87
valence	adjective	mouiller	36
valence	adjective	mourant	2
valence	adjective	mourir	1
valence	adjective	muet	30
valence	adjective	mystérieux	71
valence	adjective	nacrer	90
valence	adjective	naïf	52
valence	adjective	nain	28
valence	adjective	narquois	28
valence	adjective	natal	92
valence	adjective	naturel	96
valence	adjective	navrant	28
valence	adjective	navrer	51
valence	adjective	néfaste	4
valence	adjective	négligent	25
valence	adjective	négliger	38
valence	adjective	nerveux	46
valence	adjective	névrosé	3
valence	adjective	nocif	4
valence	adjective	nonchalant	61
valence	adjective	nostalgique	62
valence	adjective	noueux	23
valence	adjective	nourrir	92
valence	adjective	obéissant	71
valence	adjective	obnubiler	50
valence	adjective	obscur	26
valence	adjective	obsédant	41
valence	adjective	obséder	16
valence	adjective	obstiner	59
valence	adjective	occuper	64
valence	adjective	ocre	67
valence	adjective	odieux	1
valence	adjective	offenser	12
valence	adjective	offensif	56
valence	adjective	oisif	55
valence	adjective	olive	78
valence	adjective	opiniâtre	60
valence	adjective	opportuniste	49
valence	adjective	opposant	56
valence	adjective	opposer	44
valence	adjective	oppressant	12
valence	adjective	oppresser	28
valence	adjective	opprimer	20
valence	adjective	optimiste	96
valence	adjective	oral	48
valence	adjective	ordonner	83
valence	adjective	organiser	78
valence	adjective	orgueilleux	25
valence	adjective	oser	87
valence	adjective	ossu	35
valence	adjective	outrer	10
valence	adjective	pacifique	87
valence	adjective	paisible	94
valence	adjective	pâle	22
valence	adjective	paniquer	12
valence	adjective	pardonnable	63
valence	adjective	paresseux	29
valence	adjective	parfaire	89
valence	adjective	partageur	83
valence	adjective	partir	25
valence	adjective	passif	28
valence	adjective	passionnant	97
valence	adjective	passionner	99
valence	adjective	pâteux	24
valence	adjective	pathétique	51
valence	adjective	patient	81
valence	adjective	paumer	10
valence	adjective	pédant	26
valence	adjective	peindre	88
valence	adjective	peler	37
valence	adjective	pénal	20
valence	adjective	penaud	46
valence	adjective	pencher	48
valence	adjective	pendant	48
valence	adjective	pendre	1
valence	adjective	pénible	20
valence	adjective	pensif	73
valence	adjective	pentu	42
valence	adjective	percevoir	73
valence	adjective	perdant	40
valence	adjective	perdre	6
valence	adjective	perfide	8
valence	adjective	performant	90
valence	adjective	pernicieux	39
valence	adjective	perplexe	55
valence	adjective	persécuter	16
valence	adjective	persévérant	95
valence	adjective	perspicace	81
valence	adjective	persuasif	66
valence	adjective	perturbateur	14
valence	adjective	perturber	13
valence	adjective	pervertir	27
valence	adjective	pesant	16
valence	adjective	pestiférer	1
valence	adjective	pétillant	79
valence	adjective	pétrifier	28
valence	adjective	peureux	41
valence	adjective	phobique	6
valence	adjective	piètre	18
valence	adjective	pileux	27
valence	adjective	piquant	43
valence	adjective	piteux	9
valence	adjective	pitoyable	11
valence	adjective	plaintif	19
valence	adjective	plaisant	87
valence	adjective	plan	68
valence	adjective	plat	59
valence	adjective	pleurnicheur	24
valence	adjective	plisser	39
valence	adjective	polir	94
valence	adjective	ponctuel	92
valence	adjective	poreux	31
valence	adjective	possessif	21
valence	adjective	postal	56
valence	adjective	pourrir	1
valence	adjective	préoccuper	55
valence	adjective	présent	84
valence	adjective	présomptueux	39
valence	adjective	pressant	56
valence	adjective	presser	46
valence	adjective	prétentieux	16
valence	adjective	preux	81
valence	adjective	prévenant	84
valence	adjective	prévoyant	83
valence	adjective	privilégier	73
valence	adjective	promettre	91
valence	adjective	promouvoir	97
valence	adjective	prostré	33
valence	adjective	provocant	57
valence	adjective	provocateur	54
valence	adjective	prude	35
valence	adjective	prudent	70
valence	adjective	puéril	25
valence	adjective	pugnace	69
valence	adjective	puissant	70
valence	adjective	punir	45
valence	adjective	radier	9
valence	adjective	radieux	100
valence	adjective	radin	32
valence	adjective	raffiner	75
valence	adjective	rageur	20
valence	adjective	raisonnable	76
valence	adjective	raisonner	89
valence	adjective	râlant	23
valence	adjective	râleur	17
valence	adjective	rallié	86
valence	adjective	ramasser	49
valence	adjective	ramifier	62
valence	adjective	rancunier	32
valence	adjective	rapiat	27
valence	adjective	rassis	23
valence	adjective	rassurant	86
valence	adjective	rassurer	79
valence	adjective	rationnel	80
valence	adjective	ravageur	37
valence	adjective	ravir	67
valence	adjective	rebelle	51
valence	adjective	récalcitrant	40
valence	adjective	recaler	3
valence	adjective	rectal	25
valence	adjective	reculer	29
valence	adjective	redoutable	77
valence	adjective	réfléchir	52
valence	adjective	rejeter	76
valence	adjective	réjouir	86
valence	adjective	réjouissant	64
valence	adjective	relâcher	91
valence	adjective	relax	86
valence	adjective	relaxant	58
valence	adjective	rénal	27
valence	adjective	rendre	64
valence	adjective	renfermer	60
valence	adjective	répandre	49
valence	adjective	repentir	78
valence	adjective	replet	36
valence	adjective	reposer	34
valence	adjective	repoussant	15
valence	adjective	répugnant	63
valence	adjective	réputer	57
valence	adjective	réserver	54
valence	adjective	résigner	62
valence	adjective	résiner	52
valence	adjective	résoudre	95
valence	adjective	respecter	87
valence	adjective	respectueux	75
valence	adjective	responsable	48
valence	adjective	retenir	34
valence	adjective	revanchard	68
valence	adjective	revenir	90
valence	adjective	rêveur	82
valence	adjective	révoltant	34
valence	adjective	révolter	39
valence	adjective	riant	99
valence	adjective	rider	26
valence	adjective	ridicule	31
valence	adjective	rigide	35
valence	adjective	rigolo	79
valence	adjective	rigoureux	75
valence	adjective	rival	12
valence	adjective	romantique	88
valence	adjective	ronchon	20
valence	adjective	roublard	41
valence	adjective	rusé	57
valence	adjective	sacrer	88
valence	adjective	sacrifier	19
valence	adjective	saisissant	65
valence	adjective	sale	4
valence	adjective	sanglotant	35
valence	adjective	sarcastique	33
valence	adjective	satisfaire	90
valence	adjective	satisfaisant	71
valence	adjective	sauf	78
valence	adjective	saxon	56
valence	adjective	scandaliser	10
valence	adjective	sceptique	37
valence	adjective	secret	60
valence	adjective	séducteur	75
valence	adjective	séduisant	98
valence	adjective	sensé	92
valence	adjective	sensible	93
valence	adjective	sensuel	85
valence	adjective	sentimental	94
valence	adjective	séparer	24
valence	adjective	serein	98
valence	adjective	sériel	37
valence	adjective	sérieux	88
valence	adjective	serviable	77
valence	adjective	seul	47
valence	adjective	sévère	44
valence	adjective	sexuel	95
valence	adjective	sexy	83
valence	adjective	sidérer	59
valence	adjective	silencieux	63
valence	adjective	simplet	49
valence	adjective	sincère	88
valence	adjective	slave	61
valence	adjective	sobre	84
valence	adjective	sociable	84
valence	adjective	solidaire	82
valence	adjective	solitaire	55
valence	adjective	somnolent	58
valence	adjective	sonder	34
valence	adjective	songeur	65
valence	adjective	sophistiquer	63
valence	adjective	sorcier	43
valence	adjective	sot	14
valence	adjective	soucieux	55
valence	adjective	souffrant	20
valence	adjective	soulager	77
valence	adjective	soûlant	35
valence	adjective	soumettre	30
valence	adjective	soupçonnable	22
valence	adjective	soupçonneux	43
valence	adjective	souple	93
valence	adjective	sourd	12
valence	adjective	souriant	95
valence	adjective	sournois	34
valence	adjective	soyeux	97
valence	adjective	spirituel	87
valence	adjective	spontané	94
valence	adjective	stressant	4
valence	adjective	strict	29
valence	adjective	studieux	76
valence	adjective	stupéfaire	67
valence	adjective	stupéfiant	61
valence	adjective	stupide	27
valence	adjective	suave	84
valence	adjective	subjectif	61
valence	adjective	subtil	92
valence	adjective	suffisant	60
valence	adjective	superficiel	40
valence	adjective	superflu	48
valence	adjective	supérieur	68
valence	adjective	surexciter	57
valence	adjective	surmener	43
valence	adjective	surprenant	85
valence	adjective	surprendre	67
valence	adjective	suspect	21
valence	adjective	suspicieux	35
valence	adjective	svelte	92
valence	adjective	sympathique	97
valence	adjective	tabou	26
valence	adjective	tacite	59
valence	adjective	taciturne	32
valence	adjective	talentueux	99
valence	adjective	taquin	74
valence	adjective	teigneux	55
valence	adjective	teindre	68
valence	adjective	téméraire	63
valence	adjective	tempérer	71
valence	adjective	tenace	71
valence	adjective	tendre	61
valence	adjective	tenir	80
valence	adjective	terne	16
valence	adjective	terrien	77
valence	adjective	terrifier	7
valence	adjective	terroriser	11
valence	adjective	têtu	43
valence	adjective	tiède	67
valence	adjective	tiers	46
valence	adjective	tigrer	69
valence	adjective	timide	59
valence	adjective	timoré	39
valence	adjective	tisser	72
valence	adjective	tolérant	97
valence	adjective	tomber	20
valence	adjective	tonique	96
valence	adjective	torride	73
valence	adjective	totalitaire	22
valence	adjective	touchant	90
valence	adjective	toucher	72
valence	adjective	tourmenter	44
valence	adjective	tracter	50
valence	adjective	trahir	9
valence	adjective	traire	32
valence	adjective	traiter	48
valence	adjective	tranquille	96
valence	adjective	travailleur	96
valence	adjective	tremblant	34
valence	adjective	tremper	25
valence	adjective	triomphant	82
valence	adjective	triste	9
valence	adjective	trivial	59
valence	adjective	tromper	6
valence	adjective	trompeur	42
valence	adjective	troublant	61
valence	adjective	troubler	47
valence	adjective	trouillard	17
valence	adjective	turbulent	45
valence	adjective	tyrannique	0
valence	adjective	ulcérer	34
valence	adjective	user	20
valence	adjective	utiliser	50
valence	adjective	vaillant	93
valence	adjective	vaincre	24
valence	adjective	valeureux	82
valence	adjective	véhément	48
valence	adjective	veinard	83
valence	adjective	vénal	38
valence	adjective	vénérable	83
valence	adjective	vengeur	18
valence	adjective	venir	76
valence	adjective	verdir	56
valence	adjective	vernir	75
valence	adjective	verser	52
valence	adjective	vexant	11
valence	adjective	vexer	14
valence	adjective	viable	85
valence	adjective	vicieux	22
valence	adjective	victorieux	89
valence	adjective	vieux	48
valence	adjective	vigilant	67
valence	adjective	vigoureux	89
valence	adjective	vilain	43
valence	adjective	vindicatif	48
valence	adjective	violent	0
valence	adjective	viral	12
valence	adjective	virulent	25
valence	adjective	visionnaire	82
valence	adjective	visser	44
valence	adjective	vital	96
valence	adjective	vivant	97
valence	adjective	vociférant	20
valence	adjective	volage	46
valence	adjective	voleur	14
valence	adjective	vorace	36
valence	adjective	voûter	26
valence	adjective	vulgaire	5
valence	adjective	vulnérable	58
valence	noun	abeille	54
valence	noun	abricot	90
valence	noun	accent	82
valence	noun	accordéon	30
valence	noun	achat	80
valence	noun	acné	7
valence	noun	acte	64
valence	noun	acuité	87
valence	noun	adage	75
valence	noun	adopté	86
valence	noun	âge	43
valence	noun	agenda	49
valence	noun	agneau	87
valence	noun	agrafeur	32
valence	noun	aide	90
valence	noun	aigle	71
valence	noun	aiguille	16
valence	noun	ail	36
valence	noun	aile	74
valence	noun	aimant	55
valence	noun	aîné	77
valence	noun	air	90
valence	noun	aise	70
valence	noun	ajout	78
valence	noun	alcool	34
valence	noun	algue	50
valence	noun	aliéné	10
valence	noun	allumette	39
valence	noun	alto	73
valence	noun	ambre	69
valence	noun	ambulance	5
valence	noun	âme	90
valence	noun	amiral	54
valence	noun	ampli	40
valence	noun	ampoule	51
valence	noun	amputé	1
valence	noun	an	46
valence	noun	ananas	86
valence	noun	anatomie	21
valence	noun	ancre	74
valence	noun	âne	30
valence	noun	anémie	4
valence	noun	ânerie	36
valence	noun	ange	96
valence	noun	angle	34
valence	noun	anguille	7
valence	noun	anneau	74
valence	noun	anomie	33
valence	noun	anse	40
valence	noun	antenne	36
valence	noun	août	99
valence	noun	aphte	2
valence	noun	aplomb	85
valence	noun	appui	75
valence	noun	araignée	6
valence	noun	arbre	92
valence	noun	arc	47
valence	noun	arche	64
valence	noun	archet	61
valence	noun	argent	90
valence	noun	aridité	19
valence	noun	arme	6
valence	noun	armoire	49
valence	noun	arrosoir	62
valence	noun	art	95
valence	noun	artichaut	51
valence	noun	as	99
valence	noun	asile	9
valence	noun	asperge	59
valence	noun	aspirateur	11
valence	noun	assiette	68
valence	noun	asthme	3
valence	noun	astre	91
valence	noun	astronaute	63
valence	noun	atoll	89
valence	noun	atout	97
valence	noun	aube	89
valence	noun	auteur	90
valence	noun	auto	53
valence	noun	autobus	16
valence	noun	autre	32
valence	noun	autruche	37
valence	noun	auvent	66
valence	noun	aveu	67
valence	noun	avidité	12
valence	noun	avion	72
valence	noun	avocat	32
valence	noun	axe	57
valence	noun	azalée	92
valence	noun	azur	98
valence	noun	bac	77
valence	noun	bâche	25
valence	noun	bachot	43
valence	noun	badge	27
valence	noun	bagout	39
valence	noun	bague	94
valence	noun	baguette	77
valence	noun	bai	90
valence	noun	baignoire	94
valence	noun	bail	28
valence	noun	bain	92
valence	noun	baisse	16
valence	noun	bal	90
valence	noun	balade	98
valence	noun	balai	11
valence	noun	balance	29
valence	noun	balançoire	90
valence	noun	balcon	79
valence	noun	baleine	78
valence	noun	balle	56
valence	noun	ballon	84
valence	noun	ballot	33
valence	noun	banane	79
valence	noun	banc	59
valence	noun	bande	48
valence	noun	banjo	66
valence	noun	banque	43
valence	noun	bar	43
valence	noun	barbe	18
valence	noun	barbecue	93
valence	noun	barbelé	1
valence	noun	barbiche	16
valence	noun	baril	16
valence	noun	barque	78
valence	noun	barre	29
valence	noun	barrière	13
valence	noun	bas	16
valence	noun	bascule	22
valence	noun	base	56
valence	noun	basque	55
valence	noun	bassine	18
valence	noun	bateau	79
valence	noun	batterie	47
valence	noun	baudet	43
valence	noun	baume	80
valence	noun	bavard	49
valence	noun	beau	88
valence	noun	bébé	98
valence	noun	bec	25
valence	noun	bêche	24
valence	noun	bègue	24
valence	noun	beige	36
valence	noun	belge	56
valence	noun	belote	78
valence	noun	benêt	21
valence	noun	béquille	5
valence	noun	berceau	90
valence	noun	béret	32
valence	noun	berge	72
valence	noun	besace	61
valence	noun	bête	24
valence	noun	beurre	63
valence	noun	bévue	28
valence	noun	biais	23
valence	noun	biberon	91
valence	noun	bible	64
valence	noun	bibliothèque	96
valence	noun	biche	90
valence	noun	bidon	23
valence	noun	bien	94
valence	noun	bière	64
valence	noun	bile	8
valence	noun	bille	56
valence	noun	billet	81
valence	noun	binette	19
valence	noun	bingo	92
valence	noun	bip	22
valence	noun	biscotte	63
valence	noun	biscuit	94
valence	noun	bise	79
valence	noun	bison	47
valence	noun	bisou	100
valence	noun	bisque	49
valence	noun	bizut	11
valence	noun	blague	93
valence	noun	blâme	2
valence	noun	blanc	84
valence	noun	blason	67
valence	noun	blatte	1
valence	noun	blé	85
valence	noun	bleu	90
valence	noun	bloc	20
valence	noun	blond	61
valence	noun	blues	10
valence	noun	bocal	39
valence	noun	boire	74
valence	noun	bois	77
valence	noun	boîte	49
valence	noun	boîtier	49
valence	noun	bol	54
valence	noun	bolet	66
valence	noun	bombe	2
valence	noun	bon	95
valence	noun	bonbon	93
valence	noun	bond	55
valence	noun	bonnet	51
valence	noun	boomerang	73
valence	noun	bordel	17
valence	noun	borgne	3
valence	noun	borne	24
valence	noun	bosse	11
valence	noun	bossu	23
valence	noun	botte	44
valence	noun	bottier	54
valence	noun	bottin	50
valence	noun	bouc	18
valence	noun	boucan	14
valence	noun	bouche	82
valence	noun	bouchon	44
valence	noun	boucle	61
valence	noun	bouclier	12
valence	noun	boue	10
valence	noun	bouée	71
valence	noun	bougie	92
valence	noun	bougre	12
valence	noun	bouille	73
valence	noun	bouilloire	63
valence	noun	boule	34
valence	noun	boulet	3
valence	noun	boulier	48
valence	noun	boum	32
valence	noun	bourg	60
valence	noun	bourreau	1
valence	noun	bourse	43
valence	noun	boussole	49
valence	noun	bout	32
valence	noun	bouteille	68
valence	noun	bouton	13
valence	noun	box	25
valence	noun	boxe	24
valence	noun	braille	39
valence	noun	braise	65
valence	noun	branche	61
valence	noun	bras	69
valence	noun	brasier	35
valence	noun	brasse	66
valence	noun	brave	88
valence	noun	break	66
valence	noun	brèche	26
valence	noun	bref	33
valence	noun	bribe	41
valence	noun	bride	16
valence	noun	bridge	46
valence	noun	brie	40
valence	noun	brigade	36
valence	noun	brimade	11
valence	noun	brin	41
valence	noun	brique	44
valence	noun	briquet	14
valence	noun	bris	10
valence	noun	brise	40
valence	noun	brisée	8
valence	noun	broche	41
valence	noun	brochet	50
valence	noun	brocoli	44
valence	noun	bronche	29
valence	noun	bronze	73
valence	noun	brosse	51
valence	noun	brouette	22
valence	noun	brouille	11
valence	noun	brousse	49
valence	noun	bruit	8
valence	noun	brume	25
valence	noun	brun	69
valence	noun	brute	4
valence	noun	bûche	60
valence	noun	buée	35
valence	noun	buffle	32
valence	noun	bulbe	59
valence	noun	bulle	83
valence	noun	bureau	41
valence	noun	burin	26
valence	noun	bus	36
valence	noun	buste	62
valence	noun	but	84
valence	noun	buteur	63
valence	noun	butin	86
valence	noun	butte	25
valence	noun	buvard	59
valence	noun	cabine	29
valence	noun	câble	46
valence	noun	cacahouète	64
valence	noun	cacahuète	63
valence	noun	cachalot	39
valence	noun	cache	18
valence	noun	cachot	2
valence	noun	cachou	73
valence	noun	cactus	51
valence	noun	caddie	22
valence	noun	cadeau	100
valence	noun	cadenas	25
valence	noun	cadran	40
valence	noun	cadre	61
valence	noun	cafard	8
valence	noun	cafetier	58
valence	noun	cage	8
valence	noun	cahier	79
valence	noun	caïd	7
valence	noun	caille	52
valence	noun	caisse	20
valence	noun	cake	90
valence	noun	calcul	41
valence	noun	calculateur	39
valence	noun	calendrier	58
valence	noun	calice	66
valence	noun	calmar	12
valence	noun	calme	98
valence	noun	calque	25
valence	noun	calumet	36
valence	noun	caméra	55
valence	noun	camion	27
valence	noun	camp	23
valence	noun	camping	83
valence	noun	camping-car	75
valence	noun	canapé	91
valence	noun	canard	74
valence	noun	cancan	31
valence	noun	cancre	1
valence	noun	cane	27
valence	noun	canette	57
valence	noun	canif	9
valence	noun	canne	18
valence	noun	canoë	85
valence	noun	canon	8
valence	noun	cantal	81
valence	noun	cap	73
valence	noun	cape	56
valence	noun	capot	21
valence	noun	câpre	36
valence	noun	capsule	24
valence	noun	capuche	44
valence	noun	car	60
valence	noun	carabine	2
valence	noun	carafe	55
valence	noun	caravane	63
valence	noun	carcan	20
valence	noun	caresse	100
valence	noun	cargo	13
valence	noun	carillon	49
valence	noun	carnet	68
valence	noun	carotte	74
valence	noun	carpe	45
valence	noun	carpette	21
valence	noun	carquois	38
valence	noun	carrosse	85
valence	noun	cartable	55
valence	noun	carte	79
valence	noun	carton	27
valence	noun	cartouche	11
valence	noun	cas	32
valence	noun	case	23
valence	noun	cash	43
valence	noun	casier	34
valence	noun	casque	60
valence	noun	casquette	36
valence	noun	casse	13
valence	noun	casserole	27
valence	noun	cassette	91
valence	noun	cassis	84
valence	noun	castor	58
valence	noun	catapulte	10
valence	noun	cause	23
valence	noun	cave	47
valence	noun	cédant	35
valence	noun	cèdre	85
valence	noun	ceinture	36
valence	noun	céleri	22
valence	noun	celte	65
valence	noun	cendre	10
valence	noun	cendrier	8
valence	noun	cent	58
valence	noun	centaure	33
valence	noun	centre	45
valence	noun	cèpe	59
valence	noun	cerceau	53
valence	noun	cercle	50
valence	noun	cercueil	0
valence	noun	cerf	77
valence	noun	cerf-volant	92
valence	noun	cerise	94
valence	noun	cerveau	44
valence	noun	cesse	16
valence	noun	chacal	27
valence	noun	chaîne	39
valence	noun	chair	26
valence	noun	chaise	61
valence	noun	châle	54
valence	noun	chambre	89
valence	noun	chameau	51
valence	noun	champ	83
valence	noun	champignon	46
valence	noun	chance	99
valence	noun	chandelier	81
valence	noun	change	43
valence	noun	chant	94
valence	noun	chapeau	68
valence	noun	chapiteau	63
valence	noun	char	21
valence	noun	charge	18
valence	noun	chariot	41
valence	noun	charme	99
valence	noun	charrette	29
valence	noun	charrue	17
valence	noun	charte	50
valence	noun	chasse	12
valence	noun	chat	85
valence	noun	châtaigne	63
valence	noun	château	83
valence	noun	chaud	89
valence	noun	chauffe	80
valence	noun	chaume	52
valence	noun	chaussette	53
valence	noun	chausson	88
valence	noun	chaussure	72
valence	noun	chauve-souris	21
valence	noun	chaux	23
valence	noun	chef	41
valence	noun	cheminée	89
valence	noun	chemise	67
valence	noun	chemisier	59
valence	noun	chêne	84
valence	noun	chenille	33
valence	noun	chèque	84
valence	noun	cheval	74
valence	noun	chevalet	85
valence	noun	cheveu	87
valence	noun	chèvre	52
valence	noun	chewing-gum	79
valence	noun	chien	83
valence	noun	chiffre	49
valence	noun	chignon	40
valence	noun	chine	38
valence	noun	chiot	81
valence	noun	chips	57
valence	noun	chique	17
valence	noun	chlore	14
valence	noun	choc	8
valence	noun	chœur	89
valence	noun	choix	85
valence	noun	chope	46
valence	noun	chose	19
valence	noun	chou	57
valence	noun	chouette	93
valence	noun	christ	63
valence	noun	chrome	46
valence	noun	chronomètre	16
valence	noun	chute	7
valence	noun	cible	26
valence	noun	cicatrice	2
valence	noun	cidre	91
valence	noun	ciel	94
valence	noun	cierge	15
valence	noun	cigale	83
valence	noun	cigare	6
valence	noun	cigarette	4
valence	noun	cigogne	72
valence	noun	cil	59
valence	noun	cime	80
valence	noun	cimetière	3
valence	noun	cintre	35
valence	noun	circuit	29
valence	noun	cire	40
valence	noun	ciré	55
valence	noun	cirque	79
valence	noun	ciseau	35
valence	noun	cité	46
valence	noun	citerne	10
valence	noun	citron	66
valence	noun	citrouille	40
valence	noun	civet	79
valence	noun	civière	2
valence	noun	clair	95
valence	noun	clan	27
valence	noun	claque	6
valence	noun	classe	85
valence	noun	classeur	51
valence	noun	clause	19
valence	noun	clavier	68
valence	noun	clé	89
valence	noun	clef	75
valence	noun	clerc	35
valence	noun	clic	28
valence	noun	clip	58
valence	noun	clique	34
valence	noun	cloche	49
valence	noun	clodo	8
valence	noun	cloître	19
valence	noun	clone	14
valence	noun	clope	2
valence	noun	cloque	7
valence	noun	clos	17
valence	noun	clou	15
valence	noun	clown	90
valence	noun	club	69
valence	noun	cobaye	21
valence	noun	cobra	21
valence	noun	cocagne	73
valence	noun	cocaïne	3
valence	noun	coccinelle	94
valence	noun	coche	25
valence	noun	cochon	36
valence	noun	cocon	95
valence	noun	cocotte-minute	24
valence	noun	code	36
valence	noun	cœur	99
valence	noun	coffre	77
valence	noun	coffre-fort	75
valence	noun	cohue	13
valence	noun	coiffe	50
valence	noun	coin	23
valence	noun	coing	58
valence	noun	col	35
valence	noun	collant	29
valence	noun	colle	25
valence	noun	collier	86
valence	noun	colombe	96
valence	noun	colonne	32
valence	noun	comble	21
valence	noun	comique	99
valence	noun	commère	16
valence	noun	commode	62
valence	noun	compas	17
valence	noun	compère	91
valence	noun	compte	36
valence	noun	comte	49
valence	noun	concombre	40
valence	noun	cône	41
valence	noun	conte	87
valence	noun	contre	9
valence	noun	convoi	40
valence	noun	copie	39
valence	noun	coq	42
valence	noun	coque	45
valence	noun	coquillage	89
valence	noun	cor	20
valence	noun	corde	21
valence	noun	corne	17
valence	noun	cornée	36
valence	noun	cornemuse	39
valence	noun	cornet	70
valence	noun	corps	79
valence	noun	corset	42
valence	noun	corvée	9
valence	noun	cote	36
valence	noun	côte	62
valence	noun	coton	92
valence	noun	cou	53
valence	noun	couche	40
valence	noun	coude	40
valence	noun	couette	96
valence	noun	couffin	92
valence	noun	coup	12
valence	noun	coupe	44
valence	noun	couple	97
valence	noun	coupon	51
valence	noun	cour	47
valence	noun	courbe	59
valence	noun	courge	32
valence	noun	couronne	80
valence	noun	cours	74
valence	noun	course	36
valence	noun	coût	17
valence	noun	couteau	18
valence	noun	crabe	39
valence	noun	craie	49
valence	noun	crainte	5
valence	noun	crampe	5
valence	noun	cran	53
valence	noun	crâne	22
valence	noun	crasse	3
valence	noun	cravate	31
valence	noun	crayon	70
valence	noun	crèche	87
valence	noun	crème	86
valence	noun	crêpe	96
valence	noun	crépi	47
valence	noun	crête	44
valence	noun	creux	22
valence	noun	crevette	51
valence	noun	cri	9
valence	noun	crible	15
valence	noun	crime	2
valence	noun	crique	85
valence	noun	crise	3
valence	noun	croc	13
valence	noun	crochet	28
valence	noun	crocodile	13
valence	noun	croissant	95
valence	noun	croix	20
valence	noun	crosse	26
valence	noun	croupe	32
valence	noun	croûte	19
valence	noun	cru	25
valence	noun	cruche	18
valence	noun	crue	14
valence	noun	crypte	18
valence	noun	cube	44
valence	noun	cuiller	55
valence	noun	cuillère	59
valence	noun	cuir	53
valence	noun	cuiseur	60
valence	noun	cuisine	86
valence	noun	cuisinier	74
valence	noun	cuisse	60
valence	noun	cuivre	49
valence	noun	culte	64
valence	noun	cure	30
valence	noun	curieux	94
valence	noun	curseur	46
valence	noun	cuve	27
valence	noun	cycle	59
valence	noun	cycliste	47
valence	noun	cyclone	15
valence	noun	cyclope	37
valence	noun	cygne	77
valence	noun	cymbale	55
valence	noun	daim	89
valence	noun	dalle	27
valence	noun	dame	92
valence	noun	dan	34
valence	noun	danger	5
valence	noun	danse	95
valence	noun	danseur	72
valence	noun	date	46
valence	noun	datte	66
valence	noun	dauphin	99
valence	noun	dé	43
valence	noun	dealer	7
valence	noun	débat	90
valence	noun	début	86
valence	noun	décence	76
valence	noun	décès	0
valence	noun	déclic	93
valence	noun	déclin	6
valence	noun	décor	92
valence	noun	décoration	96
valence	noun	dédain	6
valence	noun	défaite	10
valence	noun	dégât	9
valence	noun	dégoût	8
valence	noun	dégradé	17
valence	noun	degré	60
valence	noun	delta	55
valence	noun	démence	4
valence	noun	dément	24
valence	noun	démon	11
valence	noun	denier	51
valence	noun	dent	35
valence	noun	dépit	11
valence	noun	dépôt	41
valence	noun	déprimé	3
valence	noun	destin	85
valence	noun	dette	1
valence	noun	deuil	0
valence	noun	diable	9
valence	noun	diacre	42
valence	noun	diamant	89
valence	noun	dictaphone	25
valence	noun	dièse	59
valence	noun	diète	18
valence	noun	dieu	43
valence	noun	digue	63
valence	noun	diligence	47
valence	noun	dinde	39
valence	noun	dindon	14
valence	noun	dîneur	57
valence	noun	dingo	50
valence	noun	dinosaure	38
valence	noun	diode	40
valence	noun	dire	72
valence	noun	disque	85
valence	noun	dit	32
valence	noun	divan	90
valence	noun	do	50
valence	noun	dogme	20
valence	noun	doigt	70
valence	noun	dôme	72
valence	noun	domino	53
valence	noun	dommage	11
valence	noun	don	100
valence	noun	donne	92
valence	noun	dos	41
valence	noun	dose	30
valence	noun	douane	18
valence	noun	double	60
valence	noun	doublon	38
valence	noun	douceur	100
valence	noun	douche	93
valence	noun	douille	18
valence	noun	douleur	2
valence	noun	doute	16
valence	noun	douve	33
valence	noun	doux	98
valence	noun	dragon	40
valence	noun	drague	81
valence	noun	drame	1
valence	noun	drap	80
valence	noun	drapeau	46
valence	noun	drogue	7
valence	noun	droit	71
valence	noun	drôle	98
valence	noun	druide	73
valence	noun	dû	12
valence	noun	duel	8
valence	noun	dune	80
valence	noun	duo	82
valence	noun	dupe	12
valence	noun	dur	24
valence	noun	dureté	24
valence	noun	eau	99
valence	noun	ébène	92
valence	noun	échelle	62
valence	noun	écrou	20
valence	noun	écureuil	93
valence	noun	écuyer	66
valence	noun	effroi	5
valence	noun	église	57
valence	noun	égout	10
valence	noun	éléphant	66
valence	noun	elfe	71
valence	noun	éloge	96
valence	noun	embrun	81
valence	noun	empois	47
valence	noun	empreinte	58
valence	noun	enclave	32
valence	noun	enclume	18
valence	noun	encre	61
valence	noun	encrier	55
valence	noun	enfant	97
valence	noun	engin	51
valence	noun	ennui	6
valence	noun	enragé	15
valence	noun	entité	61
valence	noun	entonnoir	21
valence	noun	enveloppe	65
valence	noun	épice	93
valence	noun	épine	15
valence	noun	équité	98
valence	noun	érable	87
valence	noun	erreur	15
valence	noun	escabeau	14
valence	noun	escalier	40
valence	noun	escargot	43
valence	noun	esclave	0
valence	noun	escroc	4
valence	noun	espadon	15
valence	noun	essai	87
valence	noun	est	57
valence	noun	étable	63
valence	noun	étage	53
valence	noun	étang	81
valence	noun	état	53
valence	noun	étau	29
valence	noun	étoile	97
valence	noun	être	95
valence	noun	étrier	58
valence	noun	étron	31
valence	noun	évadé	67
valence	noun	excès	22
valence	noun	exode	31
valence	noun	expo	89
valence	noun	extincteur	24
valence	noun	fa	66
valence	noun	fable	80
valence	noun	fac	60
valence	noun	façade	44
valence	noun	face	60
valence	noun	fadeur	18
valence	noun	faille	9
valence	noun	failli	23
valence	noun	faim	14
valence	noun	fait	65
valence	noun	fakir	57
valence	noun	falaise	67
valence	noun	famille	99
valence	noun	fan	79
valence	noun	faon	91
valence	noun	farce	58
valence	noun	fard	26
valence	noun	faune	97
valence	noun	faute	9
valence	noun	fauve	63
valence	noun	faveur	80
valence	noun	fax	40
valence	noun	fécule	44
valence	noun	fée	97
valence	noun	feinte	23
valence	noun	fêlé	22
valence	noun	femme	89
valence	noun	fémur	42
valence	noun	fenêtre	80
valence	noun	fente	16
valence	noun	fer	36
valence	noun	ferme	55
valence	noun	festin	98
valence	noun	fête	98
valence	noun	feu	45
valence	noun	feuille	77
valence	noun	feutre	61
valence	noun	fiacre	45
valence	noun	fiasco	8
valence	noun	fibre	46
valence	noun	fiche	29
valence	noun	fief	54
valence	noun	fier	81
valence	noun	fièvre	5
valence	noun	figue	75
valence	noun	fil	47
valence	noun	file	20
valence	noun	filet	29
valence	noun	fille	83
valence	noun	film	94
valence	noun	fils	91
valence	noun	filtre	38
valence	noun	fin	23
valence	noun	fiole	39
valence	noun	firme	32
valence	noun	fisc	8
valence	noun	fixe	30
valence	noun	flacon	58
valence	noun	flair	87
valence	noun	flambeau	72
valence	noun	flamme	77
valence	noun	flan	58
valence	noun	flanc	39
valence	noun	flaque	17
valence	noun	flash	32
valence	noun	flasque	5
valence	noun	flèche	32
valence	noun	fléchette	51
valence	noun	flemme	9
valence	noun	fleur	99
valence	noun	fleuve	81
valence	noun	flipper	42
valence	noun	flot	50
valence	noun	flotte	61
valence	noun	fluide	74
valence	noun	flûte	69
valence	noun	flux	46
valence	noun	foi	64
valence	noun	foie	43
valence	noun	foin	50
valence	noun	foire	72
valence	noun	fois	36
valence	noun	folie	45
valence	noun	folk	64
valence	noun	fond	20
valence	noun	fonte	32
valence	noun	foot	34
valence	noun	force	84
valence	noun	forge	32
valence	noun	forme	88
valence	noun	fort	87
valence	noun	fosse	7
valence	noun	fou	11
valence	noun	foudre	22
valence	noun	fouet	5
valence	noun	fougère	70
valence	noun	fougue	87
valence	noun	fouille	39
valence	noun	fouine	10
valence	noun	foule	20
valence	noun	four	60
valence	noun	fourbe	5
valence	noun	fourche	12
valence	noun	fourchette	60
valence	noun	fourmi	58
valence	noun	fourmilier	12
valence	noun	foutre	22
valence	noun	frais	84
valence	noun	fraise	97
valence	noun	franc	89
valence	noun	frange	48
valence	noun	frappe	8
valence	noun	fraude	3
valence	noun	frein	20
valence	noun	frelon	13
valence	noun	frêne	71
valence	noun	frère	90
valence	noun	fresque	82
valence	noun	frigidaire	68
valence	noun	frise	36
valence	noun	frite	79
valence	noun	froid	15
valence	noun	fromage	72
valence	noun	front	35
valence	noun	frousse	4
valence	noun	fruit	97
valence	noun	fugue	6
valence	noun	führer	0
valence	noun	fuite	8
valence	noun	fumé	25
valence	noun	fumet	69
valence	noun	furet	49
valence	noun	fuseau	59
valence	noun	fusée	53
valence	noun	fusil	3
valence	noun	fût	39
valence	noun	gadget	66
valence	noun	gag	69
valence	noun	gage	15
valence	noun	gaieté	100
valence	noun	gain	78
valence	noun	gaine	22
valence	noun	gamme	70
valence	noun	gang	5
valence	noun	gant	62
valence	noun	garage	36
valence	noun	garçon	93
valence	noun	garde	46
valence	noun	gare	69
valence	noun	gastro	1
valence	noun	gâteau	97
valence	noun	gâteux	14
valence	noun	gauche	34
valence	noun	gaufre	96
valence	noun	gaz	25
valence	noun	géant	55
valence	noun	geisha	29
valence	noun	gel	15
valence	noun	gélule	32
valence	noun	gelure	11
valence	noun	gendarme	8
valence	noun	gendre	70
valence	noun	gène	15
valence	noun	gêne	8
valence	noun	genêt	73
valence	noun	gêneur	13
valence	noun	genou	58
valence	noun	genre	40
valence	noun	gens	57
valence	noun	géode	73
valence	noun	geôle	14
valence	noun	gérant	59
valence	noun	gerbe	11
valence	noun	germe	22
valence	noun	geste	63
valence	noun	gifle	3
valence	noun	gilet	65
valence	noun	girafe	81
valence	noun	girouette	42
valence	noun	gitan	38
valence	noun	gîte	83
valence	noun	givre	25
valence	noun	glace	90
valence	noun	glaive	17
valence	noun	gland	33
valence	noun	glande	22
valence	noun	glisse	48
valence	noun	globe	68
valence	noun	gloire	97
valence	noun	glotte	36
valence	noun	goinfre	6
valence	noun	goitre	23
valence	noun	golf	59
valence	noun	golfe	68
valence	noun	gommage	62
valence	noun	gomme	52
valence	noun	gorge	52
valence	noun	gorille	36
valence	noun	gosse	62
valence	noun	gouffre	4
valence	noun	goujat	5
valence	noun	goulag	1
valence	noun	gourd	37
valence	noun	gousse	54
valence	noun	goût	98
valence	noun	goutte	56
valence	noun	goyave	91
valence	noun	grâce	93
valence	noun	grade	51
valence	noun	gradin	73
valence	noun	grain	60
valence	noun	graine	87
valence	noun	graisse	4
valence	noun	gramme	25
valence	noun	grand	87
valence	noun	grange	61
valence	noun	graphique	19
valence	noun	grappe	71
valence	noun	gras	5
valence	noun	gratin	86
valence	noun	gratte	16
valence	noun	grave	13
valence	noun	gré	53
valence	noun	grec	64
valence	noun	greffe	88
valence	noun	grêle	15
valence	noun	grelot	63
valence	noun	grenade	3
valence	noun	grenouille	54
valence	noun	grès	38
valence	noun	grève	21
valence	noun	griffe	10
valence	noun	grill	54
valence	noun	grille	19
valence	noun	grille-pain	81
valence	noun	grippe	1
valence	noun	gris	13
valence	noun	grison	50
valence	noun	grogne	6
valence	noun	grole	41
valence	noun	gros	14
valence	noun	grotte	54
valence	noun	groupe	83
valence	noun	grue	30
valence	noun	guêpe	12
valence	noun	guerre	0
valence	noun	guet	49
valence	noun	gueule	11
valence	noun	guide	92
valence	noun	guitare	87
valence	noun	gym	87
valence	noun	gymnaste	40
valence	noun	hache	9
valence	noun	hachoir	5
valence	noun	haie	51
valence	noun	haine	1
valence	noun	hâle	73
valence	noun	haleine	28
valence	noun	hall	36
valence	noun	halle	47
valence	noun	halte	28
valence	noun	haltère	17
valence	noun	hamac	98
valence	noun	hamburger	29
valence	noun	hameçon	7
valence	noun	hanche	56
valence	noun	hargne	24
valence	noun	haricot	53
valence	noun	harmonica	71
valence	noun	harpe	79
valence	noun	harpon	4
valence	noun	hâte	59
valence	noun	hausse	43
valence	noun	haut	65
valence	noun	havre	90
valence	noun	hélice	32
valence	noun	hélicoptère	53
valence	noun	herbe	88
valence	noun	hérisson	77
valence	noun	hertz	27
valence	noun	hêtre	82
valence	noun	heure	53
valence	noun	hibou	63
valence	noun	hiéroglyphe	77
valence	noun	hippocampe	71
valence	noun	hippopotame	58
valence	noun	hochet	83
valence	noun	hockey	67
valence	noun	homard	62
valence	noun	homme	84
valence	noun	honte	3
valence	noun	horloge	62
valence	noun	hot-dog	34
valence	noun	hôte	82
valence	noun	hotte	69
valence	noun	houblon	61
valence	noun	houle	20
valence	noun	housse	64
valence	noun	houx	73
valence	noun	hublot	64
valence	noun	huile	48
valence	noun	huître	42
valence	noun	humble	91
valence	noun	hutte	61
valence	noun	hyène	9
valence	noun	hymne	92
valence	noun	iceberg	72
valence	noun	idiome	61
valence	noun	idiot	12
valence	noun	igloo	81
valence	noun	igname	49
valence	noun	ignare	6
valence	noun	ile	99
valence	noun	île	98
valence	noun	imper	48
valence	noun	impôt	12
valence	noun	indien	77
valence	noun	infirmier	25
valence	noun	insigne	47
valence	noun	insulte	1
valence	noun	interrupteur	45
valence	noun	invité	96
valence	noun	issue	89
valence	noun	isthme	54
valence	noun	jade	92
valence	noun	jaloux	12
valence	noun	jambe	67
valence	noun	jambon	68
valence	noun	jarre	47
valence	noun	jauge	29
valence	noun	jaune	74
valence	noun	jazz	95
valence	noun	jean	83
valence	noun	jeep	70
valence	noun	jet	52
valence	noun	jeu	91
valence	noun	jeune	97
valence	noun	jeûne	47
valence	noun	job	88
valence	noun	jockey	69
valence	noun	joie	100
valence	noun	joint	27
valence	noun	joue	87
valence	noun	jouet	93
valence	noun	joueur	87
valence	noun	jour	90
valence	noun	journal	83
valence	noun	joute	27
valence	noun	joyau	95
valence	noun	judo	62
valence	noun	juge	36
valence	noun	juin	94
valence	noun	juke-box	70
valence	noun	jumeau	68
valence	noun	jungle	58
valence	noun	jupe	65
valence	noun	jupon	64
valence	noun	juron	27
valence	noun	jus	85
valence	noun	juste	91
valence	noun	kangourou	80
valence	noun	kayak	77
valence	noun	képi	8
valence	noun	kilt	52
valence	noun	kiosque	64
valence	noun	kit	36
valence	noun	kiwi	73
valence	noun	klaxon	16
valence	noun	koala	81
valence	noun	kyste	7
valence	noun	la	42
valence	noun	labeur	38
valence	noun	labour	60
valence	noun	labyrinthe	44
valence	noun	lac	91
valence	noun	laçage	46
valence	noun	lacet	43
valence	noun	lâche	3
valence	noun	lâcher	30
valence	noun	lacune	15
valence	noun	lagune	89
valence	noun	lai	22
valence	noun	laïc	87
valence	noun	laid	5
valence	noun	laideur	10
valence	noun	laine	79
valence	noun	laisse	14
valence	noun	lait	81
valence	noun	laitue	77
valence	noun	laïus	32
valence	noun	lama	34
valence	noun	lame	7
valence	noun	lampadaire	40
valence	noun	lampe	75
valence	noun	lampée	63
valence	noun	lance	13
valence	noun	lance-pierre	9
valence	noun	landau	88
valence	noun	langue	89
valence	noun	lapin	90
valence	noun	laque	24
valence	noun	lard	22
valence	noun	large	50
valence	noun	larme	21
valence	noun	larve	13
valence	noun	lasso	37
valence	noun	latte	27
valence	noun	lavabo	51
valence	noun	lavage	79
valence	noun	lave	32
valence	noun	laveur	52
valence	noun	lecteur	91
valence	noun	légume	84
valence	noun	lente	13
valence	noun	lenteur	23
valence	noun	léopard	75
valence	noun	lèpre	0
valence	noun	lettre	89
valence	noun	leur	58
valence	noun	leurre	8
valence	noun	lever	57
valence	noun	leveur	46
valence	noun	lèvre	91
valence	noun	lézard	16
valence	noun	liane	54
valence	noun	liant	73
valence	noun	liasse	81
valence	noun	libellule	75
valence	noun	licorne	91
valence	noun	lie	25
valence	noun	liège	42
valence	noun	lien	72
valence	noun	lieu	61
valence	noun	lièvre	74
valence	noun	ligne	53
valence	noun	ligue	39
valence	noun	limace	3
valence	noun	lime	25
valence	noun	limite	28
valence	noun	lin	69
valence	noun	linge	64
valence	noun	lingot	94
valence	noun	lion	80
valence	noun	lionceau	93
valence	noun	lipide	45
valence	noun	lire	96
valence	noun	lisse	66
valence	noun	liste	32
valence	noun	lit	98
valence	noun	litige	15
valence	noun	litre	53
valence	noun	livre	96
valence	noun	livrée	63
valence	noun	lobe	54
valence	noun	locomotive	36
valence	noun	loft	83
valence	noun	loge	73
valence	noun	loi	34
valence	noun	loisir	98
valence	noun	look	69
valence	noun	lot	46
valence	noun	loterie	61
valence	noun	lotion	77
valence	noun	louange	95
valence	noun	louche	20
valence	noun	loup	53
valence	noun	loupe	43
valence	noun	lourd	15
valence	noun	loutre	79
valence	noun	loyauté	100
valence	noun	lubie	35
valence	noun	lueur	93
valence	noun	luge	88
valence	noun	lune	93
valence	noun	lunette	59
valence	noun	luron	83
valence	noun	lustre	59
valence	noun	luth	49
valence	noun	lutte	27
valence	noun	luxe	70
valence	noun	luxure	33
valence	noun	lycra	61
valence	noun	lymphe	34
valence	noun	lynx	67
valence	noun	lys	96
valence	noun	mâche	57
valence	noun	madone	61
valence	noun	magicien	98
valence	noun	magnétophone	58
valence	noun	magot	81
valence	noun	mai	58
valence	noun	maigre	14
valence	noun	maille	48
valence	noun	maillon	59
valence	noun	maillot	85
valence	noun	main	91
valence	noun	maire	53
valence	noun	maïs	73
valence	noun	maison	98
valence	noun	maître	46
valence	noun	mal	2
valence	noun	malade	5
valence	noun	malaise	5
valence	noun	mâle	52
valence	noun	malice	93
valence	noun	malle	70
valence	noun	malt	43
valence	noun	manant	25
valence	noun	manche	43
valence	noun	manette	55
valence	noun	mangue	90
valence	noun	manque	5
valence	noun	manteau	79
valence	noun	mappemonde	68
valence	noun	maraca	66
valence	noun	marbre	43
valence	noun	marcassin	47
valence	noun	marche	77
valence	noun	mardi	49
valence	noun	mare	32
valence	noun	marelle	79
valence	noun	marge	45
valence	noun	marguerite	94
valence	noun	marin	70
valence	noun	marionnette	85
valence	noun	marmite	62
valence	noun	marque	35
valence	noun	marrant	99
valence	noun	marron	36
valence	noun	mars	58
valence	noun	marteau	20
valence	noun	martyr	5
valence	noun	masque	32
valence	noun	masse	22
valence	noun	massif	56
valence	noun	massue	8
valence	noun	mat	54
valence	noun	mât	55
valence	noun	match	59
valence	noun	math	41
valence	noun	maton	20
valence	noun	matou	85
valence	noun	mauve	58
valence	noun	méchant	6
valence	noun	mèche	44
valence	noun	médaille	85
valence	noun	médicament	7
valence	noun	méduse	1
valence	noun	méfiant	19
valence	noun	mégot	5
valence	noun	mêlée	57
valence	noun	membre	72
valence	noun	menace	3
valence	noun	menhir	66
valence	noun	menotte	1
valence	noun	menthe	93
valence	noun	menuet	65
valence	noun	mer	97
valence	noun	merci	100
valence	noun	merde	6
valence	noun	mère	99
valence	noun	merle	66
valence	noun	messe	26
valence	noun	mètre	42
valence	noun	mets	62
valence	noun	meuble	58
valence	noun	meule	32
valence	noun	meurtre	0
valence	noun	mi	46
valence	noun	miasme	18
valence	noun	miche	60
valence	noun	micro	38
valence	noun	microscope	40
valence	noun	mie	55
valence	noun	miel	94
valence	noun	mien	77
valence	noun	miette	36
valence	noun	milice	6
valence	noun	mille	60
valence	noun	mime	66
valence	noun	mince	69
valence	noun	mine	29
valence	noun	mioche	17
valence	noun	miroir	74
valence	noun	mise	29
valence	noun	misère	1
valence	noun	mite	4
valence	noun	mitraillette	0
valence	noun	mixte	72
valence	noun	mode	53
valence	noun	moelle	34
valence	noun	moine	42
valence	noun	moins	10
valence	noun	mois	54
valence	noun	momie	6
valence	noun	monceau	40
valence	noun	monde	86
valence	noun	monstre	6
valence	noun	mont	66
valence	noun	montagne	97
valence	noun	montgolfière	72
valence	noun	montre	73
valence	noun	morceau	59
valence	noun	morgue	1
valence	noun	morse	38
valence	noun	mort	0
valence	noun	mot	78
valence	noun	motard	32
valence	noun	moto	41
valence	noun	motte	47
valence	noun	mouche	9
valence	noun	moue	9
valence	noun	mouette	72
valence	noun	moufle	55
valence	noun	moule	43
valence	noun	moulin	81
valence	noun	mousse	76
valence	noun	moustache	7
valence	noun	moustique	1
valence	noun	mouton	54
valence	noun	mue	39
valence	noun	muet	25
valence	noun	mufle	13
valence	noun	mule	22
valence	noun	mulet	54
valence	noun	mur	22
valence	noun	mûre	92
valence	noun	muret	52
valence	noun	mûrier	91
valence	noun	muscle	86
valence	noun	muse	85
valence	noun	museau	67
valence	noun	mycose	2
valence	noun	mygale	10
valence	noun	myope	7
valence	noun	myopie	14
valence	noun	mythe	82
valence	noun	nacre	88
valence	noun	nage	86
valence	noun	nageur	83
valence	noun	nain	23
valence	noun	nappe	60
valence	noun	nation	78
valence	noun	natte	58
valence	noun	navette	24
valence	noun	navire	87
valence	noun	néant	17
valence	noun	négro	7
valence	noun	neige	94
valence	noun	néon	45
valence	noun	nerf	21
valence	noun	net	80
valence	noun	neuf	87
valence	noun	neutre	36
valence	noun	neveu	90
valence	noun	nez	43
valence	noun	niche	49
valence	noun	nid	91
valence	noun	nièce	84
valence	noun	no	57
valence	noun	noble	57
valence	noun	noce	94
valence	noun	nœud	27
valence	noun	noir	14
valence	noun	noix	75
valence	noun	nombre	47
valence	noun	non	11
valence	noun	nord	32
valence	noun	norme	35
valence	noun	note	56
valence	noun	notion	74
valence	noun	nôtre	69
valence	noun	nougat	94
valence	noun	nouille	52
valence	noun	noyau	53
valence	noun	nu	52
valence	noun	nuage	61
valence	noun	nuance	69
valence	noun	nuée	38
valence	noun	nuit	49
valence	noun	nul	3
valence	noun	nuque	53
valence	noun	nylon	45
valence	noun	nymphe	62
valence	noun	ocre	67
valence	noun	œdème	4
valence	noun	œil	81
valence	noun	œuf	66
valence	noun	offre	85
valence	noun	ogive	34
valence	noun	ogre	6
valence	noun	oie	42
valence	noun	oignon	54
valence	noun	oiseau	88
valence	noun	olive	78
valence	noun	ombre	18
valence	noun	oncle	76
valence	noun	onde	50
valence	noun	ongle	46
valence	noun	opium	31
valence	noun	opposé	44
valence	noun	option	80
valence	noun	or	95
valence	noun	orage	36
valence	noun	orange	90
valence	noun	ordre	33
valence	noun	ordure	3
valence	noun	oreille	71
valence	noun	oreiller	99
valence	noun	orge	50
valence	noun	orgeat	66
valence	noun	orgue	51
valence	noun	orme	68
valence	noun	ornithorynque	25
valence	noun	orteil	34
valence	noun	os	22
valence	noun	osier	68
valence	noun	osmose	96
valence	noun	otage	2
valence	noun	otite	3
valence	noun	oubli	17
valence	noun	ouest	62
valence	noun	oui	98
valence	noun	ouïe	80
valence	noun	ours	71
valence	noun	oursin	46
valence	noun	ourson	95
valence	noun	outil	75
valence	noun	pacte	50
valence	noun	page	66
valence	noun	pagode	80
valence	noun	paille	64
valence	noun	pain	91
valence	noun	pair	51
valence	noun	paix	100
valence	noun	palace	89
valence	noun	pale	8
valence	noun	palette	44
valence	noun	palier	55
valence	noun	palme	69
valence	noun	palmier	97
valence	noun	pan	21
valence	noun	panda	88
valence	noun	panier	67
valence	noun	panne	3
valence	noun	pantalon	76
valence	noun	panthère	83
valence	noun	paon	71
valence	noun	pape	57
valence	noun	papillon	92
valence	noun	paquet	67
valence	noun	parabole	70
valence	noun	parachute	68
valence	noun	parapluie	42
valence	noun	parc	90
valence	noun	parchemin	86
valence	noun	paresse	16
valence	noun	pareur	48
valence	noun	parler	96
valence	noun	part	52
valence	noun	parti	25
valence	noun	partition	61
valence	noun	pas	20
valence	noun	passe	30
valence	noun	passif	21
valence	noun	passoire	32
valence	noun	pastèque	87
valence	noun	pasteur	50
valence	noun	pastis	51
valence	noun	patch	23
valence	noun	pâte	83
valence	noun	pâté	73
valence	noun	pâtée	38
valence	noun	patois	76
valence	noun	patte	48
valence	noun	paume	53
valence	noun	paumé	10
valence	noun	pause	70
valence	noun	pauvre	6
valence	noun	payeur	39
valence	noun	peau	75
valence	noun	péché	34
valence	noun	pêche	53
valence	noun	pécule	64
valence	noun	pédale	30
valence	noun	peigne	56
valence	noun	peine	5
valence	noun	peintre	89
valence	noun	pelage	89
valence	noun	pélican	53
valence	noun	pelle	22
valence	noun	pelote	67
valence	noun	pelure	38
valence	noun	pendant	48
valence	noun	pendentif	83
valence	noun	pendu	1
valence	noun	pendule	32
valence	noun	pente	40
valence	noun	perceur	9
valence	noun	perche	43
valence	noun	père	97
valence	noun	perfusion	1
valence	noun	péril	10
valence	noun	perle	90
valence	noun	perroquet	53
valence	noun	perruche	38
valence	noun	persil	49
valence	noun	perte	4
valence	noun	pesage	32
valence	noun	peste	0
valence	noun	pétard	10
valence	noun	petits-pois	42
valence	noun	peuple	84
valence	noun	peur	7
valence	noun	pharaon	63
valence	noun	phare	79
valence	noun	phase	49
valence	noun	phobie	2
valence	noun	phonie	64
valence	noun	phoque	64
valence	noun	photo	95
valence	noun	photon	52
valence	noun	phrase	71
valence	noun	piano	86
valence	noun	pic	52
valence	noun	pichet	49
valence	noun	pie	32
valence	noun	pièce	75
valence	noun	pied	58
valence	noun	piège	7
valence	noun	pierre	32
valence	noun	pieu	21
valence	noun	pieuvre	22
valence	noun	pige	20
valence	noun	pigeon	17
valence	noun	pile	45
valence	noun	piment	29
valence	noun	pin	84
valence	noun	pince	19
valence	noun	pinceau	75
valence	noun	pineau	76
valence	noun	pingouin	74
valence	noun	pioche	32
valence	noun	piolet	16
valence	noun	pion	32
valence	noun	pipe	23
valence	noun	pipeau	35
valence	noun	piquant	43
valence	noun	pique	11
valence	noun	piquet	43
valence	noun	piqûre	14
valence	noun	pire	3
valence	noun	piscine	95
valence	noun	piste	70
valence	noun	pisteur	51
valence	noun	pistolet	2
valence	noun	pitié	19
valence	noun	pitre	25
valence	noun	placard	40
valence	noun	place	69
valence	noun	placer	58
valence	noun	plage	100
valence	noun	plaid	87
valence	noun	plaie	4
valence	noun	plain	84
valence	noun	plainte	6
valence	noun	plan	50
valence	noun	planche	30
valence	noun	planète	87
valence	noun	planque	21
valence	noun	plant	75
valence	noun	plaque	26
valence	noun	plat	59
valence	noun	platane	63
valence	noun	platine	83
valence	noun	plâtre	18
valence	noun	plein	89
valence	noun	pleur	8
valence	noun	pli	23
valence	noun	pliage	65
valence	noun	plomb	17
valence	noun	plongeur	81
valence	noun	plot	30
valence	noun	pluie	37
valence	noun	plume	85
valence	noun	plus	91
valence	noun	pneu	34
valence	noun	poche	50
valence	noun	poêle	51
valence	noun	poids	17
valence	noun	poigne	32
valence	noun	poignée	27
valence	noun	poil	18
valence	noun	poing	17
valence	noun	point	39
valence	noun	pointe	23
valence	noun	poire	86
valence	noun	poireau	34
valence	noun	pois	30
valence	noun	poison	14
valence	noun	poisse	1
valence	noun	poisson	59
valence	noun	poivre	62
valence	noun	poivron	62
valence	noun	poivrot	8
valence	noun	pôle	50
valence	noun	polype	9
valence	noun	pomme	81
valence	noun	pompe	31
valence	noun	poney	91
valence	noun	pont	77
valence	noun	pop	74
valence	noun	porc	28
valence	noun	porche	49
valence	noun	port	81
valence	noun	porte	45
valence	noun	portefeuille	66
valence	noun	pose	32
valence	noun	poste	38
valence	noun	pot	39
valence	noun	poteau	11
valence	noun	poterie	76
valence	noun	potion	83
valence	noun	potiron	88
valence	noun	poubelle	10
valence	noun	pouce	64
valence	noun	poudre	35
valence	noun	pouf	26
valence	noun	poule	55
valence	noun	poulet	56
valence	noun	poulpe	12
valence	noun	poumon	53
valence	noun	poupée	80
valence	noun	poupon	90
valence	noun	pourpre	49
valence	noun	pousse	64
valence	noun	poussin	96
valence	noun	poutre	45
valence	noun	pré	86
valence	noun	préau	62
valence	noun	presse	66
valence	noun	prêt	77
valence	noun	prêtre	39
valence	noun	preuve	76
valence	noun	preux	81
valence	noun	prime	89
valence	noun	primeur	77
valence	noun	prince	79
valence	noun	prise	29
valence	noun	priseur	35
valence	noun	prisme	57
valence	noun	prison	3
valence	noun	prix	26
valence	noun	pro	80
valence	noun	procès	13
valence	noun	proche	97
valence	noun	proie	13
valence	noun	projecteur	47
valence	noun	promis	91
valence	noun	propre	95
valence	noun	proue	65
valence	noun	prude	35
valence	noun	prune	73
valence	noun	prurit	22
valence	noun	psy	34
valence	noun	pub	23
valence	noun	puce	6
valence	noun	puits	31
valence	noun	pull	84
valence	noun	pull-over	92
valence	noun	pulpe	69
valence	noun	punaise	3
valence	noun	punch	74
valence	noun	pur	98
valence	noun	purge	4
valence	noun	putois	15
valence	noun	puzzle	74
valence	noun	pyramide	83
valence	noun	python	29
valence	noun	quai	43
valence	noun	quart	28
valence	noun	quartz	55
valence	noun	quête	69
valence	noun	queue	27
valence	noun	quiche	80
valence	noun	quille	47
valence	noun	quiz	69
valence	noun	rabais	69
valence	noun	rabat	40
valence	noun	râble	46
valence	noun	rabot	17
valence	noun	race	16
valence	noun	radar	17
valence	noun	radeau	55
valence	noun	radio	74
valence	noun	radis	58
valence	noun	radium	24
valence	noun	radius	55
valence	noun	rafle	1
valence	noun	rage	7
valence	noun	raid	52
valence	noun	raideur	18
valence	noun	raie	36
valence	noun	rail	48
valence	noun	raisin	87
valence	noun	râle	7
valence	noun	rallié	86
valence	noun	ramage	73
valence	noun	rame	41
valence	noun	rameur	55
valence	noun	rampe	43
valence	noun	ranch	79
valence	noun	rang	43
valence	noun	rap	21
valence	noun	râpe	26
valence	noun	raphia	61
valence	noun	ras	24
valence	noun	raseur	25
valence	noun	rasoir	9
valence	noun	rat	11
valence	noun	râteau	27
valence	noun	raton	28
valence	noun	ravage	3
valence	noun	rayon	80
valence	noun	rebord	39
valence	noun	rébus	75
valence	noun	récolte	92
valence	noun	record	93
valence	noun	rectum	27
valence	noun	reflet	84
valence	noun	reflux	30
valence	noun	réfrigérateur	70
valence	noun	refus	16
valence	noun	régal	98
valence	noun	règle	39
valence	noun	règne	49
valence	noun	regret	14
valence	noun	rein	52
valence	noun	reine	67
valence	noun	relief	85
valence	noun	renard	60
valence	noun	rendu	64
valence	noun	rêne	69
valence	noun	renne	67
valence	noun	repaire	59
valence	noun	repas	95
valence	noun	répit	87
valence	noun	repos	98
valence	noun	requin	7
valence	noun	réseau	74
valence	noun	reste	36
valence	noun	rétine	69
valence	noun	rétroprojecteur	42
valence	noun	rêve	99
valence	noun	revenu	90
valence	noun	réverbère	34
valence	noun	révolte	68
valence	noun	revolver	2
valence	noun	rhinocéros	47
valence	noun	rhum	57
valence	noun	rhume	6
valence	noun	riche	92
valence	noun	ride	9
valence	noun	rien	9
valence	noun	rieur	97
valence	noun	rime	83
valence	noun	ring	10
valence	noun	rire	99
valence	noun	risque	26
valence	noun	rivage	90
valence	noun	rival	12
valence	noun	rive	61
valence	noun	rivet	51
valence	noun	riz	76
valence	noun	robe	81
valence	noun	robinet	42
valence	noun	robot	15
valence	noun	roc	66
valence	noun	rocade	31
valence	noun	roche	54
valence	noun	rock	85
valence	noun	roi	69
valence	noun	rôle	64
valence	noun	rond	43
valence	noun	rosace	89
valence	noun	rose	94
valence	noun	roseau	78
valence	noun	roue	53
valence	noun	roué	10
valence	noun	rouet	23
valence	noun	rouge	57
valence	noun	rouille	11
valence	noun	roupie	54
valence	noun	route	65
valence	noun	roux	54
valence	noun	royauté	58
valence	noun	ruban	70
valence	noun	ruche	60
valence	noun	rue	73
valence	noun	ruée	24
valence	noun	ruelle	36
valence	noun	ruine	8
valence	noun	rumeur	13
valence	noun	ruse	62
valence	noun	rustre	8
valence	noun	rythme	84
valence	noun	sable	84
valence	noun	sablier	42
valence	noun	sabot	29
valence	noun	sabre	18
valence	noun	sac	56
valence	noun	sacoche	38
valence	noun	sacre	82
valence	noun	sacré	88
valence	noun	sage	96
valence	noun	saint	76
valence	noun	salade	87
valence	noun	sale	4
valence	noun	saleté	8
valence	noun	salière	42
valence	noun	salle	57
valence	noun	salon	86
valence	noun	sandwich	70
valence	noun	sang	21
valence	noun	sangle	21
valence	noun	sanglier	22
valence	noun	santal	85
valence	noun	sapin	98
valence	noun	satellite	47
valence	noun	sauce	64
valence	noun	saumure	55
valence	noun	saut	75
valence	noun	sauterelle	42
valence	noun	saxo	89
valence	noun	saxon	56
valence	noun	saxophone	66
valence	noun	scalp	2
valence	noun	scaphandrier	19
valence	noun	scarabée	19
valence	noun	sceau	38
valence	noun	scène	81
valence	noun	sceptre	30
valence	noun	scie	21
valence	noun	science	86
valence	noun	scieur	41
valence	noun	sciure	19
valence	noun	scoop	61
valence	noun	score	67
valence	noun	scorpion	5
valence	noun	scotch	25
valence	noun	scribe	54
valence	noun	script	64
valence	noun	seau	42
valence	noun	sébum	33
valence	noun	sec	25
valence	noun	secte	1
valence	noun	segment	43
valence	noun	seigle	70
valence	noun	sein	79
valence	noun	sel	42
valence	noun	self	43
valence	noun	selle	40
valence	noun	semoir	64
valence	noun	sens	63
valence	noun	sept	55
valence	noun	serf	12
valence	noun	série	77
valence	noun	seringue	1
valence	noun	serment	75
valence	noun	serpe	22
valence	noun	serpent	7
valence	noun	serre	43
valence	noun	sérum	72
valence	noun	serviette	58
valence	noun	sésame	86
valence	noun	set	40
valence	noun	seuil	32
valence	noun	seul	9
valence	noun	sève	79
valence	noun	sévice	2
valence	noun	sexe	82
valence	noun	short	84
valence	noun	show	89
valence	noun	si	34
valence	noun	sida	0
valence	noun	siècle	55
valence	noun	siège	53
valence	noun	sien	49
valence	noun	sieste	97
valence	noun	sifflet	21
valence	noun	sigle	34
valence	noun	signe	66
valence	noun	simple	80
valence	noun	singe	62
valence	noun	sirène	73
valence	noun	sirop	80
valence	noun	site	55
valence	noun	skate	61
valence	noun	sketch	80
valence	noun	ski	93
valence	noun	skieur	89
valence	noun	slave	45
valence	noun	slip	26
valence	noun	slow	74
valence	noun	snack	57
valence	noun	snob	5
valence	noun	socle	47
valence	noun	soda	54
valence	noun	sofa	95
valence	noun	soie	96
valence	noun	soif	21
valence	noun	soin	87
valence	noun	soir	76
valence	noun	soja	63
valence	noun	sol	48
valence	noun	soldat	7
valence	noun	solde	66
valence	noun	sole	47
valence	noun	soleil	100
valence	noun	sombre	11
valence	noun	sombrero	68
valence	noun	somme	48
valence	noun	son	73
valence	noun	sonate	90
valence	noun	sonde	25
valence	noun	sondé	34
valence	noun	songe	77
valence	noun	sonnet	83
valence	noun	sorcier	31
valence	noun	sort	27
valence	noun	sorte	39
valence	noun	sot	10
valence	noun	sou	52
valence	noun	souche	30
valence	noun	soude	25
valence	noun	souffle	76
valence	noun	soufre	11
valence	noun	souk	29
valence	noun	soulier	65
valence	noun	soupe	60
valence	noun	souper	86
valence	noun	source	97
valence	noun	sourd	9
valence	noun	souris	37
valence	noun	spaghetti	81
valence	noun	sparadrap	8
valence	noun	spasme	10
valence	noun	spatule	22
valence	noun	spectre	11
valence	noun	sperme	79
valence	noun	sphère	50
valence	noun	sphinx	68
valence	noun	sport	93
valence	noun	spot	42
valence	noun	spray	32
valence	noun	sprint	70
valence	noun	squash	46
valence	noun	squelette	4
valence	noun	stade	65
valence	noun	stage	72
valence	noun	stand	49
valence	noun	star	52
valence	noun	statue	36
valence	noun	steak	87
valence	noun	stéthoscope	14
valence	noun	stock	47
valence	noun	stop	19
valence	noun	store	68
valence	noun	strate	39
valence	noun	stress	1
valence	noun	stretch	23
valence	noun	string	26
valence	noun	style	64
valence	noun	stylo	74
valence	noun	su	55
valence	noun	sucre	77
valence	noun	sud	98
valence	noun	suée	12
valence	noun	sueur	22
valence	noun	suite	46
valence	noun	sumo	14
valence	noun	suppôt	22
valence	noun	surf	78
valence	noun	tabac	17
valence	noun	table	68
valence	noun	tableau	79
valence	noun	tabou	26
valence	noun	tabouret	47
valence	noun	tache	11
valence	noun	tâche	22
valence	noun	tacle	9
valence	noun	tacot	46
valence	noun	tact	87
valence	noun	tag	17
valence	noun	taille	57
valence	noun	talon	47
valence	noun	tam-tam	75
valence	noun	tambour	47
valence	noun	tambourin	55
valence	noun	tampon	29
valence	noun	tanin	65
valence	noun	tank	3
valence	noun	tante	83
valence	noun	tape	13
valence	noun	tapin	20
valence	noun	tapis	75
valence	noun	tarot	83
valence	noun	tarte	93
valence	noun	tartine	87
valence	noun	tas	15
valence	noun	tasse	62
valence	noun	tatou	49
valence	noun	taupe	23
valence	noun	taux	25
valence	noun	taxe	3
valence	noun	teckel	56
valence	noun	teigne	2
valence	noun	teint	61
valence	noun	téléphone	82
valence	noun	télescope	75
valence	noun	télévision	73
valence	noun	temple	61
valence	noun	temps	63
valence	noun	tente	81
valence	noun	tenture	61
valence	noun	tenue	80
valence	noun	terme	38
valence	noun	terre	90
valence	noun	terrien	77
valence	noun	terrier	61
valence	noun	test	34
valence	noun	tête	82
valence	noun	tétine	59
valence	noun	texte	73
valence	noun	texture	69
valence	noun	thé	87
valence	noun	thème	52
valence	noun	thermes	93
valence	noun	thermomètre	39
valence	noun	thermos	70
valence	noun	thèse	70
valence	noun	thon	46
valence	noun	thym	73
valence	noun	tibia	46
valence	noun	tic	16
valence	noun	ticket	25
valence	noun	tiède	46
valence	noun	tien	64
valence	noun	tiers	43
valence	noun	tige	57
valence	noun	tigre	74
valence	noun	timbre	69
valence	noun	tique	4
valence	noun	tir	17
valence	noun	tirade	68
valence	noun	tirage	55
valence	noun	tirelire	77
valence	noun	tiroir	55
valence	noun	titane	51
valence	noun	titre	62
valence	noun	toast	82
valence	noun	toc	10
valence	noun	toile	80
valence	noun	toilette	47
valence	noun	toison	66
valence	noun	toit	77
valence	noun	tôle	19
valence	noun	tomate	93
valence	noun	tombe	2
valence	noun	tombé	20
valence	noun	tome	58
valence	noun	ton	45
valence	noun	tondeur	13
valence	noun	tong	81
valence	noun	tonique	96
valence	noun	tonne	27
valence	noun	tonneau	39
valence	noun	top	87
valence	noun	topaze	90
valence	noun	toque	29
valence	noun	torche	62
valence	noun	torchon	24
valence	noun	tornade	10
valence	noun	torsade	56
valence	noun	tort	12
valence	noun	tortue	63
valence	noun	totem	70
valence	noun	toucan	71
valence	noun	touche	60
valence	noun	toucher	94
valence	noun	touffe	18
valence	noun	toupie	74
valence	noun	tourne-disque	65
valence	noun	tournevis	43
valence	noun	tourte	80
valence	noun	tout	81
valence	noun	toux	5
valence	noun	toxine	12
valence	noun	trac	8
valence	noun	trace	40
valence	noun	tract	39
valence	noun	tracteur	29
valence	noun	tractopelle	8
valence	noun	trafic	18
valence	noun	train	73
valence	noun	traîne	16
valence	noun	trait	36
valence	noun	traite	24
valence	noun	traité	48
valence	noun	traître	0
valence	noun	trame	39
valence	noun	tranche	39
valence	noun	transe	12
valence	noun	transistor	70
valence	noun	trappe	23
valence	noun	traque	3
valence	noun	trauma	1
valence	noun	trèfle	94
valence	noun	tréma	60
valence	noun	trépas	5
valence	noun	trésor	100
valence	noun	tresse	58
valence	noun	trêve	80
valence	noun	tri	69
valence	noun	triade	41
valence	noun	triage	45
valence	noun	tribu	86
valence	noun	triche	2
valence	noun	tricot	47
valence	noun	tringle	32
valence	noun	triple	60
valence	noun	triste	2
valence	noun	triton	55
valence	noun	troc	48
valence	noun	trombone	42
valence	noun	trompe	10
valence	noun	trompette	65
valence	noun	tronc	50
valence	noun	trône	51
valence	noun	trot	40
valence	noun	trotte	43
valence	noun	trou	12
valence	noun	trouble	8
valence	noun	trouille	5
valence	noun	troupe	43
valence	noun	trousse	56
valence	noun	truand	9
valence	noun	truc	36
valence	noun	truelle	34
valence	noun	truffe	90
valence	noun	truie	22
valence	noun	truite	57
valence	noun	tuba	42
valence	noun	tube	30
valence	noun	tuerie	1
valence	noun	tueur	1
valence	noun	tuile	34
valence	noun	tunique	71
valence	noun	tunnel	11
valence	noun	turc	25
valence	noun	turne	46
valence	noun	tuyau	13
valence	noun	type	36
valence	noun	tyran	2
valence	noun	un	30
valence	noun	urètre	38
valence	noun	urne	28
valence	noun	usine	4
valence	noun	usure	21
valence	noun	utilité	88
valence	noun	vache	69
valence	noun	vagin	70
valence	noun	vague	80
valence	noun	valise	75
valence	noun	valse	91
valence	noun	valve	32
valence	noun	vanne	42
valence	noun	vase	73
valence	noun	vasque	46
valence	noun	vautour	12
valence	noun	veau	50
valence	noun	veille	24
valence	noun	veine	46
valence	noun	vélo	81
valence	noun	vent	34
valence	noun	vente	36
valence	noun	ventilateur	66
valence	noun	ventre	47
valence	noun	venue	76
valence	noun	ver	13
valence	noun	verbe	53
valence	noun	vermine	4
valence	noun	verre	76
valence	noun	verrine	81
valence	noun	verrou	36
valence	noun	vers	82
valence	noun	verso	44
valence	noun	vert	69
valence	noun	veste	69
valence	noun	veto	39
valence	noun	veuf	4
valence	noun	viande	70
valence	noun	vice	3
valence	noun	vide	8
valence	noun	vie	100
valence	noun	vierge	77
valence	noun	vieux	28
valence	noun	vigne	78
valence	noun	ville	49
valence	noun	vin	70
valence	noun	viol	0
valence	noun	viole	2
valence	noun	violon	80
valence	noun	vipère	9
valence	noun	vis	23
valence	noun	vision	89
valence	noun	vitre	50
valence	noun	vive	97
valence	noun	vivre	100
valence	noun	vizir	43
valence	noun	vogue	61
valence	noun	voie	72
valence	noun	voile	74
valence	noun	voilier	91
valence	noun	voiture	79
valence	noun	voix	93
valence	noun	vol	9
valence	noun	volant	53
valence	noun	volcan	79
valence	noun	volet	58
valence	noun	volley	82
valence	noun	volt	34
valence	noun	voltage	37
valence	noun	voltige	84
valence	noun	vote	70
valence	noun	voûte	69
valence	noun	voyou	10
valence	noun	vrac	21
valence	noun	vu	86
valence	noun	wagon	51
valence	noun	yo-yo	75
valence	noun	zèbre	70
valence	noun	zébu	70
valence	noun	zèle	48
valence	noun	zen	100
valence	noun	zénith	93
valence	noun	zinc	39
valence	noun	zizi	79
valence	noun	zone	24
valence	noun	zoom	80
valence	noun	zygote	57
